,original_label,score_x,twitter_id,MR1_label,score_y,MR2_label,score_x,MR3_label,score_y,MR4_label,score
0,NEU,0.796816707,1467810369,POS,0.858225107,NEU,0.750724137,NEU,0.554399908,NEU,0.817537844
1,NEG,0.98491329,1467810672,NEG,0.979745924,NEG,0.981918216,NEG,0.981577337,NEG,0.984035552
2,NEU,0.927692235,1467810917,NEU,0.657203197,NEU,0.806523919,NEU,0.797968507,NEG,0.498960763
3,NEG,0.971515059,1467811184,NEG,0.910886884,NEG,0.958867371,NEG,0.966986835,NEG,0.980423927
4,NEG,0.961622715,1467811193,NEG,0.651701689,NEG,0.930916429,NEG,0.872335732,NEG,0.957693517
5,NEU,0.961184084,1467811372,NEU,0.648737729,NEG,0.565632045,NEU,0.544977427,NEG,0.912450254
6,POS,0.651207149,1467811592,POS,0.949923158,NEU,0.840297878,NEU,0.731904566,NEU,0.679602861
7,POS,0.943985462,1467811594,POS,0.984806895,POS,0.910200417,POS,0.970342278,POS,0.795731544
8,NEU,0.660191953,1467811795,POS,0.602430046,NEG,0.819707692,NEG,0.510674953,NEG,0.964448392
9,NEU,0.958229005,1467812025,POS,0.9834252,NEU,0.881169975,NEU,0.853170156,NEU,0.801482856
10,NEG,0.951303542,1467812416,NEU,0.439889908,NEG,0.836033225,NEG,0.890641451,NEG,0.96911341
11,NEU,0.809566379,1467812579,POS,0.916116059,NEU,0.850537658,NEU,0.789812744,NEU,0.523754179
12,NEG,0.970007122,1467812723,NEG,0.642550826,NEG,0.899643779,NEG,0.839637041,NEG,0.925432086
13,NEG,0.945260882,1467812771,NEG,0.792584538,NEG,0.917937934,NEG,0.861224115,NEG,0.959587216
14,NEG,0.921084464,1467812784,NEU,0.598240435,NEG,0.57931,NEU,0.517438948,NEG,0.764746964
15,POS,0.937048674,1467812799,POS,0.983041286,POS,0.886856377,POS,0.965173662,POS,0.768378258
16,NEG,0.972741306,1467812964,NEG,0.583550036,NEG,0.89105916,NEG,0.781670272,NEG,0.930413067
17,NEU,0.976289451,1467813137,POS,0.963434398,NEU,0.857304335,NEU,0.719543874,NEU,0.842879236
18,POS,0.976028979,1467813579,POS,0.989510298,POS,0.927892447,POS,0.964505732,POS,0.659196734
19,NEG,0.837391198,1467813782,NEU,0.726761937,NEG,0.525915623,NEU,0.682806671,NEG,0.572319508
20,NEG,0.870274246,1467813985,POS,0.857387602,NEU,0.81496948,NEU,0.726760745,NEU,0.535744131
21,NEU,0.673994184,1467813992,POS,0.501181126,NEU,0.839454532,NEU,0.813707411,NEU,0.568748593
22,NEU,0.92338711,1467814119,POS,0.904603958,NEU,0.652325988,NEU,0.837939799,NEG,0.889312267
23,NEG,0.975094438,1467814180,NEG,0.972174704,NEG,0.980687857,NEG,0.98032093,NEG,0.983512223
24,NEU,0.927577853,1467814192,POS,0.919314504,NEU,0.786305726,NEU,0.717776299,NEG,0.483915299
25,NEG,0.972106576,1467814438,NEG,0.949219942,NEG,0.968014896,NEG,0.966029167,NEG,0.977480292
26,NEG,0.756809056,1467814783,POS,0.50077486,NEU,0.699627697,NEU,0.821482003,NEG,0.621866286
27,NEG,0.960829794,1467814883,NEU,0.858321369,NEU,0.674476922,NEU,0.801197708,NEG,0.617371738
28,NEU,0.577643275,1467815199,POS,0.707983851,NEU,0.583834112,NEU,0.672212958,NEG,0.593501806
29,NEG,0.979000866,1467815753,NEU,0.896230102,NEG,0.659626842,NEG,0.575111926,NEG,0.858178198
30,NEG,0.952286959,1467815923,NEG,0.857352197,NEG,0.925018609,NEG,0.922483683,NEG,0.961983442
31,NEU,0.885519445,1467815924,NEU,0.547084749,NEU,0.803350389,NEU,0.822210193,NEG,0.55639112
32,NEG,0.903659403,1467815988,NEU,0.452844977,NEG,0.658108711,NEG,0.584155381,NEG,0.915295482
33,POS,0.992537081,1467816149,POS,0.992808342,POS,0.992689908,POS,0.992791414,POS,0.992288291
34,NEG,0.91147095,1467816665,POS,0.763438404,NEG,0.58133781,NEU,0.632893264,NEG,0.81931591
35,NEG,0.974313021,1467816749,NEG,0.863486588,NEG,0.966518998,NEG,0.961845875,NEG,0.978327096
36,NEG,0.983978987,1467817225,NEG,0.973565698,NEG,0.976040244,NEG,0.970687747,NEG,0.979702532
37,NEG,0.882141769,1467817374,POS,0.724401593,NEG,0.670667231,NEU,0.693013251,NEG,0.843832552
38,NEG,0.979348302,1467817502,NEU,0.512786806,NEG,0.842292905,NEG,0.804042339,NEG,0.917069316
39,NEU,0.817503989,1467818007,POS,0.929931819,NEU,0.723564923,POS,0.528517127,NEU,0.525676668
40,NEG,0.90657568,1467818020,NEU,0.522728682,NEU,0.547024369,NEU,0.478904068,NEG,0.744443893
41,NEU,0.71911782,1467818481,POS,0.616006613,NEU,0.691992939,NEU,0.516935766,NEG,0.600372553
42,NEG,0.984988689,1467818603,NEG,0.984817684,NEG,0.985118151,NEG,0.985009491,NEG,0.985149384
43,POS,0.872991741,1467818900,POS,0.980605781,POS,0.50416851,POS,0.85612148,NEU,0.470227152
44,NEG,0.963573635,1467819022,NEG,0.956485868,NEG,0.961264551,NEG,0.957868516,NEG,0.96982342
45,POS,0.628730297,1467819650,POS,0.987675071,NEU,0.5436849,POS,0.605749965,NEU,0.572733581
46,NEG,0.764642894,1467819712,NEU,0.763878226,NEU,0.531131923,NEU,0.599398315,NEG,0.694087386
47,NEG,0.940450728,1467819812,NEG,0.810962141,NEG,0.929401338,NEG,0.879480124,NEG,0.970736504
48,NEG,0.954387188,1467820206,NEU,0.805447042,NEG,0.513181448,NEU,0.657544255,NEG,0.683820546
49,NEG,0.646873057,1467820835,POS,0.909563363,NEU,0.600978136,POS,0.54233551,NEU,0.705224931
50,NEG,0.978832245,1467820863,NEG,0.976006508,NEG,0.979400575,NEG,0.977707505,NEG,0.982945263
51,NEG,0.96683681,1467820906,NEG,0.804455698,NEG,0.876431108,NEG,0.828492939,NEG,0.908705056
52,NEG,0.962913394,1467821085,NEU,0.820645034,NEG,0.848549724,NEG,0.792550445,NEG,0.928036451
53,NEG,0.884395838,1467821338,NEG,0.787162244,NEG,0.943945348,NEG,0.904121578,NEG,0.973300695
54,POS,0.660053015,1467821455,POS,0.89819175,NEU,0.850152254,NEU,0.653302789,NEU,0.704723716
55,NEG,0.82016772,1467821715,NEU,0.788130343,NEU,0.577489614,NEU,0.790088534,NEG,0.606722951
56,NEG,0.975743234,1467822384,NEU,0.768043637,NEG,0.843131065,NEG,0.766873419,NEG,0.938046694
57,NEG,0.980392754,1467822389,NEG,0.840219259,NEG,0.955620527,NEG,0.949380159,NEG,0.975358188
58,NEG,0.980515599,1467822519,NEG,0.913702369,NEG,0.852445185,NEG,0.846634924,NEG,0.947390199
59,POS,0.910968721,1467822522,POS,0.984742165,POS,0.627536714,POS,0.768833578,NEU,0.623005688
60,NEU,0.69190383,1467822687,POS,0.961324275,POS,0.54785496,POS,0.905547023,NEU,0.612822711
61,NEU,0.938374341,1467822918,POS,0.981761575,NEU,0.728038371,NEU,0.674937129,NEU,0.537573278
62,NEU,0.592755795,1467823437,POS,0.716840327,NEU,0.612749338,NEU,0.60219115,NEG,0.764119029
63,NEG,0.962336481,1467823770,NEG,0.544022024,NEG,0.886414647,NEG,0.834237099,NEG,0.954126
64,NEG,0.496106893,1467823851,POS,0.789527535,NEU,0.44321847,NEU,0.407870293,NEG,0.652077079
65,NEG,0.976315379,1467824199,NEG,0.959409773,NEG,0.964002371,NEG,0.962093294,NEG,0.976978064
66,NEG,0.912339747,1467824664,POS,0.987489164,NEU,0.676868796,NEU,0.592094779,NEU,0.48065272
67,NEG,0.984007955,1467824967,NEG,0.982158184,NEG,0.983425319,NEG,0.982512593,NEG,0.984887958
68,POS,0.878467381,1467825003,POS,0.989336014,NEU,0.71886605,POS,0.525374413,NEU,0.792284608
69,NEU,0.737942517,1467825084,POS,0.88618952,NEU,0.842574,NEU,0.62927109,NEU,0.829130232
70,NEG,0.738144875,1467825411,NEU,0.648102045,NEU,0.630964518,NEU,0.709866703,NEG,0.552580595
71,POS,0.515303493,1467825642,POS,0.909306884,POS,0.512561381,POS,0.879824102,NEU,0.582583368
72,NEG,0.978309214,1467825863,NEG,0.834287226,NEG,0.928585649,NEG,0.867784858,NEG,0.951381862
73,POS,0.762261868,1467825883,POS,0.984319508,NEU,0.667494476,NEU,0.59008342,NEG,0.542482615
74,NEG,0.967401564,1467826052,NEG,0.803654015,NEG,0.955037713,NEG,0.944344997,NEG,0.975489974
75,NEG,0.945188344,1467833672,POS,0.953827679,NEG,0.674845755,NEG,0.651794791,NEG,0.916532457
76,NEU,0.746995568,1467833690,POS,0.7390095,NEU,0.755848825,NEU,0.651193321,NEU,0.662370741
77,NEG,0.92376864,1467833736,POS,0.887030482,NEU,0.798196375,NEU,0.814881682,NEU,0.59228307
78,NEG,0.907241225,1467833799,NEU,0.872126043,NEU,0.651723802,NEU,0.607523918,NEG,0.839071929
79,NEG,0.983601153,1467834001,NEG,0.972064674,NEG,0.971011937,NEG,0.96332711,NEG,0.978602171
80,NEG,0.968753159,1467834053,NEU,0.728782296,NEG,0.605566859,NEU,0.547121704,NEG,0.803620875
81,NEG,0.968807757,1467834227,NEG,0.823823631,NEG,0.951271415,NEG,0.881353796,NEG,0.971618235
82,NEU,0.53736943,1467834239,POS,0.779176652,NEG,0.510540962,NEU,0.666708231,NEG,0.953058541
83,NEU,0.858246982,1467834265,POS,0.976489246,NEU,0.868534267,NEU,0.797673643,NEU,0.784455359
84,NEG,0.983942509,1467834284,NEG,0.952204645,NEG,0.972694874,NEG,0.960370839,NEG,0.982373118
85,NEG,0.934669137,1467834400,NEG,0.893452048,NEG,0.919161618,NEG,0.913897872,NEG,0.963196456
86,NEU,0.496331394,1467834817,POS,0.690848351,NEU,0.7878111,NEU,0.798803389,NEG,0.757974267
87,NEG,0.965761721,1467835085,NEG,0.451921433,NEG,0.757525146,NEG,0.589238763,NEG,0.90462625
88,NEG,0.96965313,1467835198,NEU,0.777764201,NEG,0.726046085,NEG,0.635697901,NEG,0.893818855
89,NEG,0.842281997,1467835305,NEG,0.420482367,NEG,0.537364542,NEU,0.466737449,NEG,0.666797698
90,NEU,0.907584369,1467835345,POS,0.505589008,NEU,0.704973638,NEU,0.75804013,NEG,0.562231183
91,NEG,0.609918892,1467835577,POS,0.991843164,POS,0.817656755,POS,0.929408014,NEU,0.560781419
92,NEG,0.873183846,1467835880,NEU,0.78255111,NEU,0.709255934,NEU,0.742294431,NEG,0.730519295
93,NEG,0.984658003,1467836024,NEG,0.984446347,NEG,0.984317422,NEG,0.984226406,NEG,0.984638631
94,NEU,0.922251821,1467836111,NEU,0.84116888,NEU,0.880890369,NEU,0.881033242,NEU,0.70310092
95,NEG,0.974925697,1467836448,NEU,0.663721621,NEG,0.955671668,NEG,0.91454339,NEG,0.967879534
96,NEG,0.82377398,1467836500,POS,0.971654356,NEU,0.692535341,POS,0.532655001,NEU,0.524046004
97,POS,0.617057443,1467836576,POS,0.929330051,NEU,0.518242419,POS,0.514906585,NEG,0.458952546
98,NEG,0.777118027,1467836583,NEU,0.586617112,NEU,0.754210591,NEU,0.772264719,NEG,0.528306663
99,NEG,0.804495931,1467836859,NEU,0.681161344,NEG,0.504358351,NEU,0.704504371,NEG,0.607165694
100,NEU,0.944688916,1467836873,NEU,0.948563397,NEU,0.795604587,NEU,0.853558421,NEU,0.589623451
101,NEG,0.982724607,1467837189,NEG,0.956223547,NEG,0.970065773,NEG,0.966068327,NEG,0.977321804
102,NEU,0.678776324,1467837384,POS,0.959724486,NEU,0.818190753,NEU,0.755437553,NEU,0.623868525
103,NEU,0.978019834,1467837470,POS,0.985625088,NEU,0.789121389,NEU,0.730019033,NEU,0.869404018
104,NEU,0.922549844,1467837579,POS,0.894176066,NEU,0.859223366,NEU,0.672490001,NEU,0.811170936
105,NEG,0.595790029,1467837602,NEU,0.720440686,NEG,0.740380347,NEG,0.615924656,NEG,0.927990675
106,POS,0.973033786,1467837762,POS,0.989014804,POS,0.809414566,POS,0.970946431,POS,0.691097379
107,NEG,0.906617761,1467837819,NEG,0.85071373,NEG,0.940975368,NEG,0.906846225,NEG,0.976183653
108,NEG,0.950388312,1467837888,NEU,0.865262985,NEG,0.828952253,NEG,0.789123535,NEG,0.935039103
109,NEG,0.610833108,1467838188,NEU,0.68679148,NEG,0.63632834,NEU,0.669380367,NEG,0.823459804
110,NEG,0.70549947,1467838189,POS,0.984401047,NEU,0.743465483,NEU,0.645436883,NEU,0.495761871
111,NEG,0.983406842,1467838362,NEG,0.972623229,NEG,0.978773773,NEG,0.967334628,NEG,0.982346117
112,NEG,0.871122479,1467838419,NEU,0.791060209,NEU,0.509811401,NEU,0.739160538,NEG,0.572210073
113,NEG,0.972596884,1467838433,NEG,0.935275018,NEG,0.953074276,NEG,0.94360292,NEG,0.969066262
114,POS,0.775423288,1467838630,POS,0.984901369,NEU,0.657299221,NEU,0.535877049,NEU,0.78527683
115,POS,0.992148638,1467839007,POS,0.992652118,POS,0.992386341,POS,0.992704391,POS,0.991953909
116,NEU,0.498478055,1467839405,NEU,0.607718349,NEG,0.82512784,NEG,0.642388701,NEG,0.963172674
117,NEG,0.980502546,1467839450,NEG,0.494618148,NEG,0.709349275,NEG,0.651574492,NEG,0.894471705
118,NEG,0.796611488,1467839477,POS,0.729121804,NEU,0.6993801,NEU,0.769812882,NEG,0.688322604
119,POS,0.976324797,1467839586,POS,0.991822064,POS,0.975448906,POS,0.988296092,POS,0.940163612
120,NEG,0.983850241,1467839737,NEG,0.554199398,NEG,0.854207337,NEG,0.818176746,NEG,0.94166714
121,NEG,0.867888033,1467839816,POS,0.907478154,NEU,0.525554895,NEU,0.538434982,NEG,0.911930501
122,NEG,0.686529279,1467840016,NEU,0.570088029,NEU,0.572374105,NEU,0.621185184,NEG,0.668485701
123,NEG,0.985088885,1467840386,NEG,0.984664977,NEG,0.984675109,NEG,0.984411418,NEG,0.985129237
124,NEG,0.981791794,1467840552,NEG,0.921358883,NEG,0.944676042,NEG,0.927505791,NEG,0.964588225
125,NEG,0.775935113,1467840629,NEU,0.732997,NEG,0.564643204,NEU,0.602264583,NEG,0.606892645
126,NEG,0.984922647,1467841189,NEG,0.981737792,NEG,0.983084857,NEG,0.981332958,NEG,0.984857082
127,NEG,0.902665913,1467841204,NEG,0.623406112,NEG,0.870054066,NEG,0.839282393,NEG,0.96102339
128,NEG,0.980241299,1467841832,NEG,0.539011598,NEU,0.576426685,NEG,0.507834435,NEG,0.883357108
129,NEG,0.877216458,1467841885,NEU,0.46329248,NEG,0.82868576,NEG,0.632068932,NEG,0.92758435
130,POS,0.991618574,1467841897,POS,0.992475569,POS,0.989769101,POS,0.99149549,POS,0.985741138
131,NEU,0.715569198,1467841969,NEU,0.563215196,NEU,0.767641008,NEU,0.789579511,NEG,0.503717184
132,NEG,0.75155884,1467842107,NEU,0.667166531,NEG,0.683214188,NEG,0.511734009,NEG,0.901634216
133,NEU,0.912387729,1467842299,POS,0.984393299,NEU,0.745073378,NEU,0.706550896,NEU,0.830549419
134,POS,0.976317644,1467842377,POS,0.981447339,POS,0.730780482,POS,0.876549602,POS,0.493704021
135,NEG,0.975029767,1467842448,POS,0.986886144,NEG,0.696612,NEG,0.624088705,NEG,0.941587627
136,NEU,0.794277966,1467842568,POS,0.68559128,NEU,0.887528062,NEU,0.819800913,NEG,0.503064215
137,NEU,0.645266354,1467842607,NEU,0.794890344,NEG,0.794926584,NEG,0.630537808,NEG,0.93101573
138,NEG,0.644091725,1467842832,POS,0.524895906,NEU,0.637062252,NEU,0.668453097,NEG,0.631600022
139,NEG,0.608658552,1467842837,NEU,0.818500757,NEU,0.782461107,NEU,0.862205803,NEU,0.680042505
140,NEG,0.974300802,1467843075,NEU,0.632280111,NEU,0.73532629,NEU,0.802812815,NEG,0.610451758
141,NEG,0.854959011,1467843215,POS,0.758761346,NEU,0.508350015,NEU,0.802523136,NEG,0.856089354
142,NEU,0.786104977,1467843470,POS,0.990074217,NEU,0.767779112,POS,0.531960845,NEU,0.819913268
143,NEG,0.923285246,1467843568,NEU,0.488534927,NEG,0.930453539,NEG,0.928678095,NEG,0.971828938
144,NEG,0.966589093,1467843624,NEG,0.893673718,NEG,0.862049341,NEG,0.847804487,NEG,0.949677289
145,NEU,0.838079095,1467843647,POS,0.905944347,NEU,0.711824656,NEU,0.519607663,NEU,0.780292451
146,NEG,0.920483887,1467843734,POS,0.988287508,NEU,0.60273993,NEU,0.553834319,NEU,0.635076046
147,NEG,0.980647981,1467843740,NEG,0.965423465,NEG,0.962124884,NEG,0.959805727,NEG,0.973937452
148,POS,0.897842288,1467844097,POS,0.989417374,NEU,0.737946987,NEU,0.631076157,NEU,0.732267261
149,NEG,0.778250217,1467844140,NEU,0.51728791,NEG,0.796358287,NEG,0.680815995,NEG,0.921100616
150,NEG,0.919871509,1467844157,NEU,0.698509455,NEG,0.622339189,NEU,0.498801619,NEG,0.851644695
151,NEG,0.981099188,1467844505,NEG,0.968098462,NEG,0.981171966,NEG,0.978526473,NEG,0.983758509
152,NEG,0.935582459,1467844540,NEU,0.742465615,NEG,0.545475125,NEU,0.534206629,NEG,0.766352952
153,NEG,0.976992011,1467844907,NEU,0.577862203,NEG,0.753332555,NEG,0.758217216,NEG,0.929454446
154,NEG,0.493215442,1467845095,POS,0.9008255,NEU,0.543737292,NEU,0.747405112,NEG,0.58823806
155,NEG,0.889811516,1467845157,NEU,0.659844756,NEU,0.592015505,NEU,0.62805748,NEG,0.730544806
156,NEU,0.927065551,1467852031,POS,0.959584057,NEU,0.751974106,POS,0.530010879,NEU,0.637612462
157,NEG,0.9684937,1467852067,NEG,0.834728658,NEG,0.897005677,NEG,0.920142114,NEG,0.973851502
158,NEG,0.856678247,1467852789,POS,0.973089337,NEU,0.837730467,NEU,0.81581825,NEU,0.530044019
159,NEU,0.545125127,1467853135,POS,0.900321126,NEU,0.609166861,NEU,0.64089036,NEG,0.792892039
160,NEU,0.728033423,1467853356,POS,0.648435414,NEU,0.651974916,NEU,0.638029039,NEG,0.598869205
161,NEU,0.960548043,1467853431,POS,0.972525001,NEU,0.810109556,NEU,0.747879446,NEU,0.544419348
162,NEG,0.926885664,1467853479,NEU,0.804191947,NEG,0.589049399,NEU,0.537281275,NEG,0.800675213
163,NEG,0.982026398,1467854062,NEG,0.798732996,NEG,0.959764659,NEG,0.947892606,NEG,0.970544338
164,NEU,0.909174144,1467854345,POS,0.976729929,NEU,0.664825797,POS,0.521628439,NEU,0.656716466
165,NEG,0.984762669,1467854706,NEG,0.983646452,NEG,0.982567251,NEG,0.982737958,NEG,0.984844506
166,NEG,0.596274614,1467854917,POS,0.987387359,NEU,0.429731548,POS,0.487243265,NEG,0.795177639
167,NEG,0.969355404,1467855673,NEG,0.782472908,NEG,0.892934144,NEG,0.897151351,NEG,0.971711874
168,POS,0.533984721,1467855812,POS,0.964414895,NEU,0.767975211,NEU,0.673078239,NEU,0.799233019
169,NEG,0.981436431,1467855981,NEG,0.889878392,NEG,0.957241416,NEG,0.925273776,NEG,0.976896703
170,NEG,0.889610052,1467856044,POS,0.927969873,NEU,0.654381216,NEU,0.637045681,NEG,0.768494248
171,NEU,0.938973904,1467856352,POS,0.990778685,NEU,0.746255755,NEU,0.653759301,NEU,0.81458801
172,NEG,0.984293759,1467856426,NEG,0.959138632,NEG,0.976721287,NEG,0.968398094,NEG,0.978349805
173,NEG,0.97225982,1467856497,NEG,0.696883023,NEG,0.851530015,NEG,0.757653952,NEG,0.920175135
174,NEG,0.77946198,1467856632,POS,0.671624064,NEG,0.596528471,NEU,0.551903248,NEG,0.94339478
175,NEG,0.977846861,1467856821,NEG,0.948847473,NEG,0.960196197,NEG,0.946958721,NEG,0.969735324
176,NEG,0.68812871,1467856919,NEU,0.676905751,NEU,0.732570112,NEU,0.840546012,NEG,0.505214691
177,NEG,0.981378555,1467857221,NEG,0.911508858,NEG,0.871391475,NEG,0.806298912,NEG,0.93641597
178,NEG,0.544910192,1467857297,POS,0.69079417,NEU,0.591579735,NEU,0.598379731,NEG,0.872093201
179,NEG,0.91388768,1467857378,POS,0.975748241,NEU,0.47827661,NEU,0.469141513,NEG,0.761076927
180,NEG,0.983527899,1467857511,NEG,0.838463962,NEG,0.953363061,NEG,0.93712604,NEG,0.969358444
181,NEU,0.65031606,1467857722,POS,0.983791113,NEU,0.708243072,POS,0.709555507,NEU,0.798817754
182,NEU,0.980925977,1467857975,POS,0.981210411,NEU,0.856655657,NEU,0.722866774,NEU,0.765678525
183,NEG,0.805711985,1467858363,NEU,0.539021134,NEU,0.490044385,NEU,0.654709816,NEG,0.671774864
184,NEU,0.908492088,1467858627,POS,0.7951805,NEU,0.723020792,NEU,0.571545005,NEU,0.589088976
185,NEG,0.960272372,1467858869,NEU,0.847443342,NEU,0.714372396,NEU,0.813617408,NEG,0.580256641
186,NEG,0.978430688,1467859025,NEG,0.942158163,NEG,0.961328149,NEG,0.939986825,NEG,0.975033164
187,POS,0.963204324,1467859066,POS,0.98578912,NEU,0.576609254,POS,0.800915837,NEU,0.705825448
188,POS,0.991707504,1467859408,POS,0.992637157,POS,0.990158975,POS,0.992022276,POS,0.97317332
189,NEG,0.975305915,1467859436,NEG,0.959502161,NEG,0.960832655,NEG,0.945317864,NEG,0.975603104
190,NEU,0.546353817,1467859558,POS,0.688498914,NEU,0.781038642,NEU,0.819092631,NEU,0.541671276
191,NEG,0.812892556,1467859666,POS,0.945493877,NEU,0.51461035,NEU,0.546028793,NEG,0.723043382
192,NEG,0.982259393,1467859820,NEU,0.777366877,NEG,0.866515636,NEG,0.783640623,NEG,0.931431413
193,NEG,0.984740078,1467859922,NEU,0.594046712,NEG,0.896702886,NEG,0.721617818,NEG,0.893983662
194,NEG,0.8656407,1467860144,NEG,0.519243717,NEG,0.930591822,NEG,0.755563617,NEG,0.941700816
195,NEG,0.979517817,1467860268,NEG,0.969633877,NEG,0.964872718,NEG,0.964504242,NEG,0.980274737
196,NEU,0.870599389,1467860895,POS,0.887286007,NEU,0.89256537,NEU,0.82897377,NEU,0.735681415
197,NEU,0.56377542,1467860904,POS,0.987699389,NEU,0.545607269,POS,0.608828247,NEU,0.816443622
198,NEG,0.958160698,1467861095,NEG,0.508915782,NEG,0.656453311,NEG,0.523774624,NEG,0.867939174
199,NEG,0.981567919,1467861413,NEG,0.977709174,NEG,0.974681258,NEG,0.973931015,NEG,0.982403755
200,POS,0.907305002,1467861522,POS,0.986799538,POS,0.66523993,POS,0.801852107,NEU,0.621200502
201,NEG,0.98425138,1467861571,NEG,0.985376298,NEG,0.985483944,NEG,0.985297143,NEG,0.985540807
202,NEG,0.915812492,1467862213,NEG,0.767870784,NEG,0.854147553,NEG,0.759306073,NEG,0.935406327
203,NEU,0.799739242,1467862313,POS,0.921553731,NEU,0.7694543,NEU,0.590792596,NEU,0.781210244
204,POS,0.936543822,1467862355,POS,0.989748657,POS,0.831049919,POS,0.905357122,POS,0.656084061
205,NEG,0.983153999,1467862411,NEG,0.967952669,NEG,0.967756152,NEG,0.959443033,NEG,0.977844715
206,NEG,0.978153348,1467862710,NEG,0.971585929,NEG,0.97413981,NEG,0.974066138,NEG,0.981156886
207,POS,0.757777214,1467862806,POS,0.972386837,POS,0.878851712,POS,0.940067828,POS,0.849073112
208,NEU,0.950013936,1467863072,POS,0.989036381,NEU,0.815448642,NEU,0.769881845,NEU,0.839300454
209,NEU,0.639436007,1467863415,NEU,0.704508245,NEG,0.722063065,NEG,0.61315006,NEG,0.930669188
210,NEG,0.917701542,1467863507,NEU,0.69305861,NEG,0.561743379,NEU,0.650802195,NEG,0.780243039
211,NEG,0.808206022,1467863508,POS,0.560001493,NEU,0.801706135,NEU,0.740888,NEU,0.709273636
212,NEG,0.984153211,1467863633,NEG,0.983142674,NEG,0.983335257,NEG,0.982927859,NEG,0.984474778
213,NEG,0.522912741,1467863684,POS,0.457227975,NEG,0.554637432,NEU,0.528777361,NEG,0.698743701
214,NEG,0.979409695,1467863716,NEG,0.967288792,NEG,0.969272316,NEG,0.964576244,NEG,0.980707169
215,NEG,0.972312093,1467864250,POS,0.587054729,NEG,0.504987657,NEU,0.653805971,NEG,0.711906075
216,NEG,0.895851195,1467870864,NEU,0.626320243,NEU,0.527676225,NEU,0.54008925,NEG,0.695051491
217,NEG,0.667390406,1467870866,NEU,0.762914836,NEU,0.766504943,NEU,0.770120442,NEU,0.661839008
218,NEG,0.973069429,1467871007,NEU,0.680235445,NEG,0.594901145,NEU,0.614718676,NEG,0.597954392
219,NEG,0.941936195,1467871040,NEG,0.888484597,NEG,0.953546047,NEG,0.919172466,NEG,0.964035273
220,NEU,0.851930082,1467871223,POS,0.963049829,NEU,0.815013289,NEU,0.624554932,NEU,0.835573316
221,POS,0.904459417,1467871226,POS,0.986464143,POS,0.602093637,POS,0.585462391,NEG,0.710579813
222,POS,0.991554797,1467871545,POS,0.992076278,POS,0.98924762,POS,0.990805924,POS,0.985024452
223,NEG,0.942511499,1467871552,NEU,0.848382175,NEU,0.657184303,NEU,0.755111337,NEG,0.498437524
224,NEG,0.980306506,1467871661,NEG,0.960728645,NEG,0.966052532,NEG,0.971550405,NEG,0.976735651
225,NEG,0.98052305,1467871754,NEG,0.980575204,NEG,0.981501639,NEG,0.980352402,NEG,0.98256737
226,POS,0.787041306,1467871844,POS,0.984234512,POS,0.749225199,POS,0.972780228,NEU,0.431335032
227,NEG,0.980282307,1467871917,NEG,0.720474243,NEG,0.762714744,NEG,0.671516895,NEG,0.906402051
228,NEG,0.801126838,1467871956,NEU,0.767558098,NEU,0.52988857,NEU,0.66166687,NEG,0.781892061
229,NEG,0.961855233,1467872136,NEG,0.949655831,NEG,0.972237945,NEG,0.968596578,NEG,0.979705036
230,NEG,0.948387623,1467872175,NEG,0.787952006,NEG,0.736581862,NEG,0.74254775,NEG,0.966900587
231,NEG,0.70040518,1467872181,POS,0.925902188,NEU,0.794823468,NEU,0.681282461,NEU,0.787009776
232,NEG,0.96279639,1467872218,NEG,0.719608128,NEG,0.838464975,NEG,0.782191634,NEG,0.968757868
233,NEG,0.982134819,1467872247,NEG,0.975160897,NEG,0.975219846,NEG,0.967326045,NEG,0.978982568
234,NEG,0.950555027,1467872309,NEU,0.528107822,NEG,0.805669487,NEG,0.776469231,NEG,0.917498767
235,NEU,0.893275976,1467872355,POS,0.979529321,NEU,0.838092625,POS,0.57454282,NEU,0.815035939
236,NEU,0.935596943,1467872594,POS,0.986037195,NEU,0.842859983,NEU,0.738616824,NEU,0.808105826
237,NEU,0.896630704,1467872638,POS,0.801414907,NEU,0.833226919,NEU,0.734240711,NEU,0.840964198
238,NEU,0.682676494,1467872759,POS,0.624572873,NEU,0.646218598,NEU,0.723860443,NEG,0.675222516
239,NEG,0.978086174,1467872940,NEG,0.831857085,NEG,0.902475119,NEG,0.916462064,NEG,0.964359879
240,POS,0.992274225,1467873004,POS,0.992769778,POS,0.991017938,POS,0.992201567,POS,0.988399863
241,NEG,0.945500493,1467873227,NEG,0.888922632,NEG,0.939223945,NEG,0.922568917,NEG,0.976532459
242,NEU,0.939620972,1467873256,POS,0.958637238,NEU,0.830009878,POS,0.580311596,NEU,0.802891374
243,NEG,0.979990482,1467873467,NEG,0.972979963,NEG,0.97647059,NEG,0.971349001,NEG,0.979609311
244,POS,0.794158697,1467873592,POS,0.973760843,NEU,0.62660569,POS,0.556639075,NEU,0.485762805
245,NEU,0.941953778,1467873828,NEU,0.926770747,NEU,0.742135286,NEU,0.822431922,NEG,0.867949903
246,NEG,0.952030778,1467873980,NEU,0.666572988,NEG,0.803751349,NEG,0.687173665,NEG,0.924958706
247,NEG,0.526795924,1467874103,POS,0.644027829,NEU,0.772084236,NEU,0.773232937,NEU,0.628857613
248,NEU,0.60643822,1467874479,POS,0.926572263,NEU,0.694687009,NEU,0.530888379,NEG,0.506605446
249,NEU,0.950013936,1467874569,POS,0.989036381,NEU,0.815448642,NEU,0.769881845,NEU,0.839300454
250,NEU,0.929812551,1467874916,POS,0.991097689,NEU,0.61898607,POS,0.548314929,NEU,0.702225685
251,NEG,0.983082414,1467875163,NEG,0.528759778,NEG,0.791639566,NEG,0.74672097,NEG,0.922897458
252,NEG,0.949104071,1467875208,NEG,0.799039066,NEG,0.92821759,NEG,0.890518367,NEG,0.971954763
253,NEG,0.947382867,1467875930,NEU,0.682737827,NEG,0.79997164,NEG,0.663385391,NEG,0.921138942
254,NEG,0.92407155,1467876016,NEU,0.621634364,NEG,0.566749334,NEU,0.669097006,NEG,0.712655544
255,NEG,0.817039549,1467876133,NEU,0.866682529,NEG,0.857698798,NEG,0.766556621,NEG,0.965587616
256,NEG,0.827531159,1467876652,NEG,0.502503157,NEG,0.776417196,NEG,0.747717083,NEG,0.933796942
257,NEU,0.572636247,1467876711,POS,0.494759411,NEU,0.63793993,NEU,0.647001445,NEU,0.648867249
258,NEG,0.973783791,1467876944,NEG,0.532697916,NEG,0.827573299,NEG,0.804247141,NEG,0.956610143
259,NEG,0.982097685,1467877496,NEG,0.687480927,NEG,0.930447459,NEG,0.854703486,NEG,0.963157117
260,NEU,0.954156041,1467877833,POS,0.641615927,NEU,0.812566638,NEU,0.830680668,NEU,0.594990611
261,NEU,0.917929292,1467877865,POS,0.778743386,NEU,0.82023108,NEU,0.819819033,NEU,0.523645461
262,POS,0.754415393,1467878057,POS,0.987190962,POS,0.514753282,POS,0.658091187,NEU,0.759662092
263,POS,0.863454938,1467878557,POS,0.92941767,NEU,0.695928395,POS,0.632147729,NEU,0.6488747
264,NEU,0.928781033,1467878633,POS,0.801456273,NEU,0.77152133,NEU,0.723002136,NEU,0.760543704
265,NEG,0.664602339,1467878929,NEG,0.635659754,NEG,0.879249394,NEG,0.718353748,NEG,0.946375489
266,NEG,0.97974509,1467878971,NEG,0.975485206,NEG,0.964245737,NEG,0.950720131,NEG,0.980937064
267,POS,0.985632062,1467878983,POS,0.99161762,POS,0.974205315,POS,0.984389842,POS,0.80980289
268,NEG,0.984056592,1467879203,NEG,0.98477304,NEG,0.984916329,NEG,0.98508203,NEG,0.985142648
269,NEG,0.972484231,1467879314,NEG,0.926521719,NEG,0.893047273,NEG,0.865546525,NEG,0.973360538
270,POS,0.992203593,1467879328,POS,0.992775083,POS,0.987130344,POS,0.990998387,POS,0.973227262
271,NEU,0.582981467,1467879480,NEU,0.658007145,NEG,0.762303829,NEG,0.505812109,NEG,0.920006156
272,NEU,0.83597368,1467879984,POS,0.922539473,NEU,0.850229919,NEU,0.678758144,NEU,0.842279017
273,NEU,0.800368845,1467880085,POS,0.831941187,NEU,0.707614243,NEU,0.617387414,NEU,0.580031991
274,NEU,0.969729602,1467880431,POS,0.7697016,NEU,0.890791714,NEU,0.658802211,NEU,0.851026595
275,NEU,0.675899506,1467880442,POS,0.949205577,POS,0.502835691,POS,0.723958075,NEU,0.668998241
276,NEU,0.85516274,1467880463,POS,0.583918512,NEU,0.844642818,NEU,0.830447674,NEG,0.722059429
277,NEU,0.961642027,1467880692,NEU,0.762786806,NEU,0.817309439,NEU,0.832390308,NEG,0.616942465
278,NEG,0.581400692,1467881131,NEU,0.709123909,NEG,0.679702759,NEU,0.583393395,NEG,0.837971032
279,NEG,0.947070122,1467881373,POS,0.45468545,NEG,0.592618525,NEG,0.511321664,NEG,0.850860417
280,NEG,0.944842577,1467881376,NEU,0.830829501,NEG,0.565741003,NEU,0.688236415,NEG,0.75855732
281,NEG,0.980991006,1467881457,NEG,0.907163203,NEG,0.96220386,NEG,0.953837216,NEG,0.975547612
282,NEU,0.780668259,1467881474,POS,0.988934338,NEU,0.767613649,NEU,0.731110752,NEU,0.577727377
283,NEU,0.605698228,1467881686,NEU,0.749984443,NEU,0.586568594,NEU,0.821683049,NEG,0.793411255
284,NEU,0.681203604,1467881809,NEU,0.796770871,NEU,0.79605335,NEU,0.881100774,NEU,0.735821843
285,NEU,0.949407935,1467881897,NEU,0.955081105,NEU,0.917250514,NEU,0.89989996,NEU,0.797822356
286,NEG,0.783775985,1467881920,NEG,0.642622948,NEG,0.819417834,NEG,0.806097984,NEG,0.94938463
287,NEG,0.979995787,1467882140,NEG,0.968658984,NEG,0.962926567,NEG,0.950822949,NEG,0.972983479
288,NEU,0.931611657,1467882491,NEU,0.783186078,NEU,0.790147841,NEU,0.866720736,NEG,0.599937141
289,NEG,0.872542977,1467882592,NEU,0.484602392,NEU,0.534929991,NEU,0.708585739,NEG,0.536595345
290,POS,0.930044889,1467882902,POS,0.990355253,POS,0.75431329,POS,0.875682354,NEU,0.532896519
291,NEG,0.969169319,1467888679,NEU,0.833012938,NEG,0.513128757,NEU,0.687128544,NEG,0.788690448
292,NEG,0.840854049,1467888732,NEU,0.637631357,NEG,0.514233053,NEU,0.55988127,NEG,0.74823612
293,POS,0.991512954,1467888953,POS,0.992678165,POS,0.990339696,POS,0.99151051,POS,0.982802331
294,NEG,0.541782618,1467889231,NEU,0.712187052,NEU,0.531406999,NEU,0.813887954,NEG,0.621068776
295,NEG,0.748423755,1467889251,POS,0.638762653,NEU,0.639820516,NEU,0.714001179,NEG,0.729219973
296,NEU,0.860621631,1467889334,POS,0.77072227,NEU,0.829055667,NEU,0.887484729,NEG,0.678783298
297,NEG,0.983567834,1467889574,NEG,0.956902683,NEG,0.964066982,NEG,0.949220598,NEG,0.973391235
298,POS,0.745662391,1467889791,POS,0.961692154,NEU,0.787479699,NEU,0.519116402,NEU,0.71632129
299,NEU,0.97619015,1467889988,POS,0.74440819,NEU,0.598677516,NEU,0.623554409,NEG,0.870221972
300,NEG,0.755789757,1467890079,POS,0.830872536,NEG,0.76017195,NEG,0.651328087,NEG,0.945124209
301,NEG,0.962062776,1467890212,NEG,0.685340345,NEG,0.841439664,NEG,0.818563163,NEG,0.939218998
302,NEU,0.763148725,1467890222,NEU,0.832630575,NEG,0.722557008,NEU,0.548847854,NEG,0.914871812
303,NEG,0.852161527,1467890723,NEG,0.844804704,NEG,0.940915823,NEG,0.946071088,NEG,0.973949194
304,NEG,0.980662107,1467891826,NEG,0.961075485,NEG,0.973458946,NEG,0.970974624,NEG,0.980555952
305,NEG,0.974448919,1467891880,NEG,0.887343764,NEG,0.902729273,NEG,0.735356688,NEG,0.936953664
306,POS,0.940896392,1467892075,POS,0.988860786,POS,0.870157301,POS,0.966026604,NEU,0.649756253
307,NEG,0.860807061,1467892419,POS,0.77433598,NEU,0.814951599,NEU,0.83604908,NEG,0.53647542
308,NEG,0.934456646,1467892515,NEU,0.844876766,NEU,0.582464755,NEU,0.765727103,NEG,0.693421841
309,NEG,0.843958318,1467892667,POS,0.980905294,NEU,0.824058652,NEU,0.838925719,NEG,0.493108898
310,NEG,0.681325555,1467892720,NEU,0.737010777,NEG,0.594250858,NEU,0.56852895,NEG,0.849682868
311,NEU,0.665240943,1467892760,POS,0.971340895,NEU,0.741732597,NEU,0.557084084,NEU,0.676214755
312,NEG,0.885659099,1467892889,NEU,0.703717768,NEG,0.811935544,NEU,0.514282346,NEG,0.802904129
313,NEG,0.979255617,1467892945,NEG,0.820423484,NEG,0.937892258,NEG,0.906442821,NEG,0.936542332
314,NEG,0.664101541,1467893163,NEU,0.630076528,NEU,0.605056226,NEU,0.781614959,NEG,0.676794171
315,NEU,0.967439294,1467893258,POS,0.923919201,NEU,0.803073287,POS,0.572858453,NEU,0.812160432
316,NEG,0.984609008,1467893275,NEG,0.886142135,NEG,0.95723474,NEG,0.944265664,NEG,0.974160135
317,NEG,0.734991848,1467893504,NEU,0.849323094,NEG,0.745818257,NEG,0.680099666,NEG,0.899960399
318,POS,0.986444056,1467893730,POS,0.991984069,POS,0.865303636,POS,0.959970474,POS,0.751163244
319,POS,0.990224183,1467894593,POS,0.992934644,POS,0.98834604,POS,0.991695344,POS,0.969354093
320,NEG,0.9732669,1467894600,NEG,0.971436858,NEG,0.977399111,NEG,0.976738453,NEG,0.981027126
321,NEG,0.983139932,1467894746,NEG,0.981099963,NEG,0.980205774,NEG,0.979625404,NEG,0.982879221
322,NEU,0.666510046,1467894749,POS,0.966454983,NEU,0.838051558,NEU,0.81084168,NEU,0.59161824
323,NEG,0.961549938,1467894750,NEG,0.922238052,NEG,0.960811377,NEG,0.964502811,NEG,0.980245411
324,POS,0.961394012,1467894786,POS,0.983754456,POS,0.887765408,POS,0.962239563,POS,0.578936815
325,NEU,0.62135601,1467894841,POS,0.8001405,NEU,0.667268336,NEU,0.771478415,NEG,0.512948632
326,NEG,0.91146332,1467894898,NEU,0.736157835,NEU,0.542440593,NEU,0.572016418,NEG,0.634444356
327,NEG,0.970041096,1467895048,NEG,0.931608677,NEG,0.937135875,NEG,0.927592218,NEG,0.95847261
328,NEG,0.55763793,1467895109,POS,0.716997147,NEU,0.699252605,NEU,0.695952535,NEU,0.512924135
329,POS,0.669094443,1467895424,POS,0.982703328,NEU,0.710427105,POS,0.523358762,NEU,0.783088684
330,NEG,0.598142743,1467895478,POS,0.500913978,NEU,0.74012816,NEU,0.714636147,NEG,0.490374565
331,NEG,0.930520535,1467895481,NEU,0.768530071,NEG,0.764775634,NEG,0.571804225,NEG,0.882465899
332,NEG,0.790688276,1467895712,NEG,0.554062486,NEG,0.938795507,NEG,0.911074877,NEG,0.967109263
333,NEG,0.981325746,1467896211,NEG,0.68604219,NEG,0.87755841,NEG,0.846382856,NEG,0.95562911
334,NEG,0.981387973,1467896253,NEG,0.976744473,NEG,0.976450026,NEG,0.972918332,NEG,0.982737958
335,NEG,0.983136714,1467896463,NEG,0.721503615,NEG,0.960653961,NEG,0.945119321,NEG,0.971814096
336,POS,0.897822797,1467896777,POS,0.991487622,POS,0.97207278,POS,0.987329364,POS,0.960588038
337,NEU,0.903437495,1467896778,POS,0.988305688,NEU,0.801155388,POS,0.70953232,NEU,0.738158941
338,NEU,0.9049173,1467896898,POS,0.983126581,POS,0.61453867,POS,0.702027023,NEU,0.719399452
339,NEG,0.973042011,1467896911,NEG,0.814646721,NEG,0.929818034,NEG,0.915036976,NEG,0.964287817
340,NEG,0.948419988,1467896996,NEG,0.678870976,NEG,0.8971048,NEG,0.881757021,NEG,0.967429996
341,NEG,0.9804129,1467897316,NEU,0.590017855,NEG,0.761962593,NEG,0.664237201,NEG,0.926816344
342,NEG,0.98446238,1467897981,NEG,0.984922886,NEG,0.984086692,NEG,0.983842254,NEG,0.984872818
343,NEG,0.972111642,1467898061,NEG,0.845313132,NEG,0.972098351,NEG,0.967208505,NEG,0.979053557
344,POS,0.929320395,1467898076,POS,0.989787817,POS,0.918514669,POS,0.970940888,POS,0.707326233
345,NEG,0.97029388,1467898078,NEG,0.956876814,NEG,0.975305557,NEG,0.960525572,NEG,0.980194569
346,POS,0.760550678,1467898511,POS,0.967603326,NEG,0.546729624,NEU,0.670396388,NEG,0.814035952
347,NEU,0.813596725,1467898676,POS,0.952418625,NEU,0.752352595,NEU,0.589428306,NEU,0.662473798
348,NEG,0.736778975,1467899025,NEG,0.553856909,NEG,0.671262085,NEG,0.621495783,NEG,0.793961287
349,NEG,0.657076895,1467899451,NEU,0.684304476,NEU,0.701290846,NEU,0.766111612,NEU,0.537107944
350,POS,0.962264597,1467899605,POS,0.988544047,POS,0.888593912,POS,0.955202997,POS,0.746297359
351,NEG,0.951931953,1467899707,NEU,0.61413461,NEG,0.576708317,NEU,0.536309421,NEG,0.834559619
352,NEU,0.97756201,1467899753,POS,0.971648633,NEU,0.890394628,NEU,0.827099383,NEU,0.703220606
353,NEU,0.645087063,1467900033,POS,0.978257835,NEU,0.824308276,NEU,0.74656117,NEU,0.623189986
354,NEG,0.982462645,1467900037,NEG,0.984010875,NEG,0.984612584,NEG,0.984327257,NEG,0.984174252
355,POS,0.97890842,1467900244,POS,0.991083264,POS,0.985355794,POS,0.987270594,POS,0.977541924
356,NEG,0.769500554,1467900431,POS,0.980608761,NEU,0.819178581,NEU,0.767679513,NEG,0.564262748
357,NEU,0.975992084,1467900545,POS,0.985502839,NEU,0.848547578,NEU,0.766883731,NEG,0.585379303
358,NEG,0.981856763,1467900898,NEG,0.974867821,NEG,0.977494121,NEG,0.957360923,NEG,0.979680896
359,NEG,0.923318684,1467901135,POS,0.637736976,NEU,0.54085815,NEU,0.796924412,NEG,0.715732872
360,POS,0.932641864,1467901188,POS,0.989761531,POS,0.973367333,POS,0.986115098,POS,0.952150226
361,NEG,0.967542827,1467901250,NEG,0.854922771,NEG,0.910054445,NEG,0.862110913,NEG,0.966192603
362,NEG,0.806026518,1467901346,NEG,0.749863088,NEG,0.848248184,NEG,0.829909503,NEG,0.938767314
363,NEG,0.623150527,1467901437,POS,0.700464249,NEU,0.84212321,NEU,0.856562197,NEU,0.525931895
364,NEG,0.897998035,1467901500,NEU,0.680332839,NEU,0.89592129,NEU,0.862421751,NEG,0.585579395
365,NEG,0.984943271,1467901839,NEG,0.982055485,NEG,0.983955681,NEG,0.98250854,NEG,0.984742522
366,NEG,0.819250405,1467904302,POS,0.512669206,NEU,0.584844172,NEU,0.760578573,NEU,0.537912667
367,NEU,0.863970101,1467905125,NEU,0.919466674,NEU,0.882333577,NEU,0.879346132,NEG,0.758989394
368,NEG,0.984789014,1467905378,NEG,0.985108912,NEG,0.985148549,NEG,0.985136211,NEG,0.985123813
369,NEU,0.737521887,1467905653,POS,0.570764244,NEG,0.505761147,NEU,0.761459112,NEG,0.857803047
370,NEG,0.700121522,1467906151,NEU,0.509795904,NEU,0.791221797,NEU,0.787304163,NEU,0.626801312
371,NEU,0.749986053,1467906345,POS,0.92577374,NEU,0.747274578,NEU,0.706255198,NEU,0.535007596
372,NEG,0.563409984,1467906496,POS,0.667606294,NEG,0.6547333,NEU,0.430401891,NEG,0.928127229
373,NEU,0.860926151,1467906723,POS,0.980419219,NEU,0.836865902,NEU,0.773635387,NEU,0.850358486
374,NEG,0.984083354,1467907298,NEG,0.985173643,NEG,0.985246003,NEG,0.98489517,NEG,0.985195756
375,NEG,0.784299076,1467907751,NEU,0.506656349,NEG,0.85065788,NEG,0.787579477,NEG,0.938557446
376,NEG,0.967367649,1467907876,NEG,0.873556972,NEG,0.938643694,NEG,0.902881145,NEG,0.956628978
377,NEU,0.91365087,1467908012,POS,0.596498728,NEU,0.907725573,NEU,0.861202836,NEU,0.864560544
378,NEG,0.944220006,1467908134,NEU,0.639989316,NEG,0.726721108,NEG,0.643633723,NEG,0.847377539
379,NEU,0.655204415,1467908456,NEU,0.68053931,NEU,0.583815932,NEU,0.617151916,NEG,0.560102224
380,NEG,0.974955738,1467908672,NEU,0.72285378,NEG,0.55175823,NEU,0.656262636,NEG,0.710569263
381,NEG,0.957303703,1467908798,NEG,0.840396345,NEG,0.667710185,NEG,0.65714407,NEG,0.904273629
382,NEG,0.984835386,1467908853,NEG,0.984311044,NEG,0.984803557,NEG,0.984320521,NEG,0.985178173
383,NEU,0.559561133,1467909124,NEU,0.685935795,NEG,0.644292831,NEU,0.578374088,NEG,0.815532327
384,NEU,0.556202948,1467909222,POS,0.724673033,NEG,0.723584831,NEU,0.639710486,NEG,0.919172585
385,NEU,0.58918494,1467909292,POS,0.989003003,NEU,0.772422671,NEU,0.788860977,NEG,0.555157363
386,POS,0.734984934,1467910531,POS,0.987605095,POS,0.570367515,POS,0.799957752,NEU,0.793673992
387,NEU,0.715792537,1467910689,POS,0.922481656,NEU,0.859364986,NEU,0.83652699,NEU,0.711507678
388,NEG,0.978842616,1467910932,NEG,0.894188821,NEG,0.957671404,NEG,0.935546935,NEG,0.955725133
389,NEU,0.722131312,1467910986,POS,0.585223675,NEU,0.800634146,NEU,0.771423519,NEU,0.700503111
390,NEU,0.712825119,1467910995,POS,0.935907483,NEU,0.687430263,POS,0.583672464,NEU,0.74792248
391,NEG,0.831972063,1467911036,NEU,0.69499594,NEG,0.569044113,NEU,0.526854396,NEG,0.759287238
392,NEG,0.964172661,1467911302,NEG,0.661218941,NEG,0.898920178,NEG,0.838922739,NEG,0.950843334
393,NEU,0.822352648,1467911624,POS,0.934690833,NEU,0.830970645,NEU,0.620418429,NEU,0.773955226
394,NEU,0.625724971,1467911846,POS,0.87459147,NEU,0.662518263,POS,0.588959157,NEU,0.710324943
395,NEG,0.975884557,1467912100,NEG,0.939487636,NEG,0.968008101,NEG,0.964996576,NEG,0.982204497
396,NEU,0.524723172,1467912333,NEU,0.660848618,NEG,0.763718128,NEG,0.717347324,NEG,0.945901155
397,NEU,0.574079514,1467912572,POS,0.96540159,POS,0.735533774,POS,0.939851403,POS,0.513876855
398,NEU,0.973053873,1467912842,POS,0.979660869,NEU,0.862151146,NEU,0.747634828,NEU,0.862455428
399,NEU,0.655646503,1467912994,NEU,0.798212171,NEU,0.72671771,NEU,0.814055145,NEU,0.591328323
400,NEG,0.925523818,1467913111,NEG,0.703899264,NEG,0.862566292,NEG,0.762968063,NEG,0.955288708
401,NEG,0.892032266,1467913608,NEG,0.839171827,NEG,0.948759615,NEG,0.903304756,NEG,0.97395587
402,NEU,0.97048831,1467914434,POS,0.979650021,NEU,0.660435975,POS,0.534519792,NEU,0.790660799
403,NEG,0.740828872,1467914499,NEU,0.689895093,NEU,0.70646745,NEU,0.766352534,NEG,0.519793689
404,NEG,0.549353004,1467914916,POS,0.80071646,NEG,0.509589851,NEU,0.5728513,NEG,0.730011523
405,NEU,0.899780989,1467915140,POS,0.978376746,NEU,0.646163046,NEU,0.577945054,NEG,0.650020123
406,NEU,0.90505302,1467915612,POS,0.926665127,NEU,0.887912095,NEU,0.864852667,NEU,0.751684546
407,NEG,0.899035513,1467915670,NEG,0.821809828,NEG,0.751828134,NEG,0.663743556,NEG,0.858577967
408,NEG,0.967445076,1467916510,NEG,0.951265037,NEG,0.96921432,NEG,0.969035029,NEG,0.981676459
409,NEG,0.952603996,1467916595,NEU,0.505690813,NEG,0.625223994,NEU,0.505254686,NEG,0.82200563
410,NEG,0.944960058,1467916695,NEU,0.762642264,NEG,0.893770874,NEG,0.889936924,NEG,0.937733233
411,NEU,0.499396116,1467916700,POS,0.985275745,POS,0.635548353,POS,0.93114984,NEU,0.601542711
412,NEG,0.977264762,1467916820,NEG,0.974732935,NEG,0.967741847,NEG,0.964295924,NEG,0.976408422
413,NEG,0.980496705,1467916841,NEG,0.980839491,NEG,0.97812134,NEG,0.979186535,NEG,0.982500255
414,NEG,0.786360025,1467916851,NEU,0.656745255,NEG,0.756109595,NEG,0.543634057,NEG,0.899193645
415,NEU,0.909690678,1467916959,POS,0.935868561,NEU,0.834740043,NEU,0.573795199,NEU,0.82530117
416,NEG,0.97745502,1467917177,NEG,0.897344232,NEG,0.956264257,NEG,0.94188261,NEG,0.970129967
417,POS,0.565480649,1467917302,POS,0.929194272,NEU,0.67402935,NEU,0.770417452,NEG,0.714904845
418,NEG,0.685217917,1467917484,NEG,0.495852649,NEG,0.718456149,NEG,0.664006293,NEG,0.946058273
419,NEU,0.8781901,1467917499,POS,0.882972121,NEU,0.765702665,NEU,0.640194952,NEU,0.885301769
420,NEU,0.739809096,1467917718,POS,0.983326972,NEU,0.546852767,POS,0.83291924,NEU,0.710598588
421,NEU,0.876120567,1467917800,POS,0.959348857,NEU,0.740061164,NEU,0.632743359,NEU,0.60282743
422,NEG,0.980402827,1467918015,NEG,0.97649616,NEG,0.981571734,NEG,0.981030226,NEG,0.984212816
423,NEG,0.891084015,1467918552,NEU,0.651800454,NEG,0.820483744,NEG,0.839166999,NEG,0.944111288
424,NEU,0.799167633,1467918560,NEU,0.72495538,NEG,0.78164804,NEU,0.652409196,NEG,0.945011139
425,NEU,0.759559751,1467918682,POS,0.883397818,NEU,0.786399245,NEU,0.517106235,NEU,0.7598809
426,NEG,0.930973649,1467918728,NEU,0.510225415,NEG,0.708899498,NEG,0.508174539,NEG,0.844881773
427,NEG,0.880871713,1467918812,POS,0.410705775,NEG,0.58117044,NEU,0.565621674,NEG,0.718824208
428,NEU,0.517169952,1467918850,POS,0.991779149,POS,0.698418617,POS,0.957123339,POS,0.520161033
429,NEG,0.913451195,1467919055,POS,0.657805204,NEU,0.675545633,NEU,0.754235864,NEG,0.548150957
430,NEU,0.95172447,1467919452,POS,0.986038387,NEU,0.667118847,NEU,0.560284555,NEU,0.848286033
431,NEG,0.508198261,1467919538,NEU,0.834466815,NEU,0.64676404,NEU,0.788393736,NEG,0.61181879
432,NEU,0.815152287,1467919762,NEU,0.598186016,NEU,0.84112829,NEU,0.868088841,NEG,0.575431108
433,NEG,0.984925449,1467919765,NEG,0.984842777,NEG,0.984658003,NEG,0.984531283,NEG,0.985032856
434,NEU,0.780233502,1467922983,POS,0.927704871,NEU,0.846253753,NEU,0.596494973,NEU,0.821219385
435,NEG,0.894971192,1467923235,NEG,0.676679969,NEG,0.793840945,NEG,0.723637342,NEG,0.946195185
436,NEG,0.670741379,1467923247,POS,0.952945828,NEG,0.644616187,NEU,0.567292631,NEG,0.908890545
437,NEG,0.909018099,1467923370,POS,0.740663111,NEG,0.543578327,NEU,0.474907428,NEG,0.772113383
438,NEG,0.796456814,1467923445,NEU,0.872916341,NEG,0.865286469,NEG,0.806815743,NEG,0.946969926
439,POS,0.98545593,1467923775,POS,0.991165459,POS,0.677431226,POS,0.847393215,NEU,0.550769269
440,NEG,0.975375056,1467924273,NEG,0.493705928,NEG,0.881365061,NEG,0.781905651,NEG,0.955708027
441,NEG,0.982320428,1467924690,NEG,0.983119428,NEG,0.983945191,NEG,0.983667016,NEG,0.984374464
442,NEU,0.886673152,1467924823,NEU,0.781530797,NEU,0.837805688,NEU,0.893024921,NEU,0.727115393
443,POS,0.984248579,1467925327,POS,0.990439773,POS,0.956388712,POS,0.98035413,POS,0.868416965
444,NEG,0.981817663,1467925657,NEG,0.842503548,NEG,0.955925345,NEG,0.94923681,NEG,0.972953081
445,NEG,0.959292173,1467926153,NEG,0.712759793,NEG,0.900358558,NEG,0.860493779,NEG,0.966431081
446,NEG,0.967360318,1467926444,NEU,0.724105775,NEG,0.751847386,NEG,0.720552504,NEG,0.936310589
447,NEG,0.981001914,1467926546,NEU,0.685849786,NEG,0.972221494,NEG,0.936778188,NEG,0.974914968
448,NEG,0.962533653,1467926632,NEG,0.96310699,NEG,0.97523731,NEG,0.974278808,NEG,0.981551051
449,NEG,0.980664372,1467927016,NEG,0.940728724,NEG,0.966496289,NEG,0.948915243,NEG,0.978209615
450,NEG,0.970616877,1467927126,NEG,0.627662122,NEG,0.814623892,NEG,0.655198157,NEG,0.914652467
451,NEG,0.789549947,1467927987,POS,0.675382793,NEU,0.609455585,NEU,0.592005432,NEG,0.850763083
452,NEG,0.96390903,1467928014,NEG,0.496002167,NEU,0.493431211,NEU,0.48733145,NEG,0.885517955
453,NEG,0.893556356,1467928037,NEG,0.691100895,NEG,0.765841007,NEG,0.543540239,NEG,0.789512634
454,NEG,0.985059142,1467928300,NEG,0.982796788,NEG,0.984350204,NEG,0.982609928,NEG,0.984667301
455,NEU,0.722280025,1467928490,POS,0.932933927,NEU,0.827485263,NEU,0.790496588,NEU,0.617230952
456,POS,0.961815894,1467928676,POS,0.990926862,POS,0.859459996,POS,0.953898787,POS,0.790678382
457,NEG,0.581967592,1467928749,NEG,0.497708082,NEG,0.916810215,NEG,0.844960332,NEG,0.961768925
458,NEU,0.940399826,1467928764,POS,0.739083767,NEU,0.70029515,NEU,0.800882638,NEG,0.890877545
459,NEU,0.733431399,1467929184,POS,0.987270236,NEU,0.84915942,NEU,0.837757647,NEG,0.667572916
460,NEU,0.861688018,1467929230,POS,0.973069012,NEU,0.737753868,NEU,0.564921439,NEU,0.87680918
461,NEU,0.951061606,1467929248,POS,0.907175243,NEU,0.798407793,NEU,0.822249413,NEU,0.531986594
462,NEU,0.494861156,1467929601,POS,0.621986806,NEU,0.835753798,NEU,0.778860748,NEU,0.763455749
463,NEG,0.939826429,1467929809,NEG,0.557600379,NEG,0.765205503,NEU,0.515006006,NEG,0.716671228
464,NEG,0.983705521,1467929915,NEG,0.982498646,NEG,0.980082572,NEG,0.980430424,NEG,0.983076692
465,NEG,0.930452585,1467930017,NEG,0.717564702,NEU,0.522393227,NEG,0.561664581,NEG,0.898819983
466,NEU,0.938366592,1467930083,POS,0.660149932,NEU,0.87043345,NEU,0.893962801,NEU,0.635023057
467,NEG,0.882430255,1467930157,POS,0.539155066,NEG,0.495341122,NEU,0.667030036,NEG,0.794532418
468,POS,0.654435277,1467930220,POS,0.948021054,NEU,0.763255835,NEU,0.575245321,NEU,0.715031564
469,NEU,0.857964933,1467930309,POS,0.987901568,NEU,0.652382255,NEU,0.723690152,NEG,0.689922333
470,NEG,0.982451856,1467930341,NEG,0.969762683,NEG,0.967674434,NEG,0.961853504,NEG,0.975402057
471,NEU,0.51192683,1467930699,POS,0.534164429,NEU,0.642090321,NEU,0.605160773,NEG,0.620506406
472,NEU,0.980402708,1467931027,POS,0.930467963,NEU,0.913595855,NEU,0.882406116,NEU,0.695390105
473,NEG,0.583754838,1467931070,NEU,0.753581405,NEU,0.501083672,NEU,0.708732426,NEG,0.756937444
474,NEU,0.869933546,1467931396,POS,0.842556477,NEU,0.729629338,NEU,0.656633139,NEG,0.779354155
475,NEU,0.634817958,1467931501,POS,0.693246841,NEU,0.680049181,NEU,0.578605115,NEU,0.65988344
476,NEG,0.972518027,1467931736,NEG,0.912744939,NEG,0.961748183,NEG,0.946178198,NEG,0.974200547
477,POS,0.747569323,1467931839,POS,0.986465394,POS,0.589637935,POS,0.884260893,NEU,0.66342932
478,POS,0.991995454,1467931983,POS,0.992806137,POS,0.992097616,POS,0.992626011,POS,0.990581214
479,NEG,0.829357088,1467932117,NEG,0.638531089,NEG,0.799069166,NEG,0.792688429,NEG,0.959723055
480,NEG,0.545932114,1467932208,NEU,0.864132464,NEU,0.735952079,NEU,0.829232633,NEU,0.570131421
481,POS,0.992431641,1467932372,POS,0.992730081,POS,0.991169095,POS,0.991752565,POS,0.989714682
482,NEU,0.525355458,1467932549,POS,0.794605792,NEU,0.686944306,NEU,0.76489079,NEG,0.649214625
483,NEG,0.549317479,1467932979,POS,0.95139581,NEU,0.633477032,POS,0.542968273,NEU,0.693895996
484,NEU,0.806838691,1467933048,POS,0.981304288,NEU,0.813763857,NEU,0.669491947,NEU,0.681394875
485,POS,0.510652423,1467933102,POS,0.989304304,POS,0.648719072,POS,0.925937772,NEU,0.483088642
486,NEU,0.708871782,1467933112,POS,0.764310122,NEU,0.789053023,NEU,0.844143033,NEU,0.498639822
487,NEG,0.759898186,1467933295,NEU,0.860362291,NEU,0.815773427,NEU,0.78206563,NEG,0.791316986
488,NEU,0.945088327,1467933494,NEU,0.569781423,NEU,0.865114331,NEU,0.660323381,NEU,0.773870587
489,NEG,0.559101224,1467933623,NEU,0.712891638,NEU,0.685259283,NEU,0.709155798,NEG,0.4906739
490,NEG,0.867861807,1467933662,POS,0.982940614,NEU,0.573706329,NEU,0.77003181,NEG,0.703419983
491,NEG,0.845142663,1467933685,NEU,0.716481388,NEG,0.884834051,NEG,0.786038339,NEG,0.939750314
492,POS,0.944589376,1467934004,POS,0.989224374,NEU,0.591533244,POS,0.705268323,NEU,0.662456989
493,NEG,0.960593462,1467934184,POS,0.798300445,NEU,0.818949938,NEU,0.844782114,NEU,0.493222862
494,NEG,0.982967675,1467934481,NEG,0.889549375,NEG,0.948328733,NEG,0.88528806,NEG,0.957941353
495,NEG,0.97521019,1467934606,NEU,0.486908078,NEG,0.927871108,NEG,0.867093027,NEG,0.965743542
496,NEU,0.540525198,1467935121,POS,0.964682281,NEU,0.85599649,NEU,0.786322773,NEU,0.778806686
497,NEU,0.850350201,1467935189,POS,0.931235313,NEU,0.818177223,NEU,0.826554775,NEU,0.804570317
498,POS,0.811292529,1467935271,POS,0.97920692,POS,0.944898665,POS,0.961290896,POS,0.917007923
499,NEG,0.983245373,1467935345,NEU,0.636350334,NEG,0.741260767,NEG,0.637580454,NEG,0.94400543
500,NEG,0.819020927,1467936498,POS,0.90015924,NEU,0.585519552,NEU,0.681192875,NEG,0.756257296
501,NEG,0.97698319,1467936541,NEG,0.509157658,NEG,0.899122596,NEG,0.786756754,NEG,0.942527115
502,NEG,0.959567904,1467936901,NEU,0.697054982,NEU,0.612613261,NEU,0.699051857,NEG,0.52151221
503,NEU,0.972290576,1467937038,POS,0.985375583,NEU,0.871616125,NEU,0.791694522,NEU,0.843336642
504,NEG,0.57310909,1467937128,NEU,0.854373991,NEU,0.694648921,NEU,0.782555759,NEU,0.50369972
505,NEG,0.950834394,1467937189,NEG,0.734523058,NEG,0.834262013,NEG,0.785868287,NEG,0.951123953
506,NEG,0.925647259,1467937250,NEG,0.788404584,NEG,0.78418982,NEG,0.84931159,NEG,0.966410339
507,NEU,0.747878134,1467937393,NEU,0.848425627,NEU,0.497521758,NEU,0.630342424,NEG,0.626176953
508,NEG,0.84177047,1467937402,NEG,0.438292623,NEG,0.780105054,NEG,0.673829675,NEG,0.962888241
509,NEG,0.853666186,1467942658,NEU,0.855406702,NEG,0.929966152,NEG,0.902348697,NEG,0.972873986
510,NEG,0.975571871,1467943007,NEG,0.63269937,NEG,0.920418322,NEG,0.83364743,NEG,0.946523726
511,NEG,0.969099998,1467943375,NEG,0.793316245,NEG,0.905050099,NEG,0.840211689,NEG,0.956134319
512,NEU,0.95172596,1467943526,POS,0.895326614,NEU,0.751231492,NEU,0.549098909,NEU,0.827275634
513,NEG,0.887172461,1467943851,NEG,0.703857183,NEG,0.943424165,NEG,0.915810287,NEG,0.97595346
514,NEU,0.674212158,1467943966,POS,0.69264698,NEU,0.829538763,NEU,0.76741451,NEU,0.676168025
515,NEU,0.796538949,1467944261,POS,0.955515563,NEU,0.808678985,NEU,0.771033168,NEU,0.644881666
516,NEG,0.758453846,1467944317,NEG,0.651844919,NEG,0.95745784,NEG,0.94531256,NEG,0.980223656
517,NEU,0.96473068,1467944552,POS,0.932173491,NEU,0.92302835,NEU,0.801224411,NEU,0.839788258
518,NEU,0.720289171,1467944581,POS,0.853207111,NEU,0.81746316,NEU,0.758049071,NEU,0.715615332
519,NEG,0.602451503,1467944654,NEU,0.730323493,NEU,0.6571787,NEU,0.709453166,NEG,0.833043635
520,NEG,0.564040124,1467944871,NEU,0.730605006,NEG,0.582344055,NEU,0.73515296,NEG,0.902594805
521,NEG,0.98400104,1467945151,NEG,0.984772325,NEG,0.98485595,NEG,0.984824121,NEG,0.985048473
522,NEU,0.969890118,1467945476,POS,0.539251208,NEU,0.895536721,NEU,0.841485381,NEU,0.745024741
523,NEG,0.869121015,1467945704,POS,0.867458761,NEU,0.733420193,NEU,0.678231478,NEU,0.622161508
524,NEG,0.98305434,1467945787,NEG,0.979570746,NEG,0.983076811,NEG,0.983077109,NEG,0.984042168
525,NEG,0.962326646,1467945885,NEG,0.612935185,NEG,0.855199039,NEG,0.737361968,NEG,0.913163066
526,NEU,0.589746237,1467946026,POS,0.985923171,NEU,0.596300125,POS,0.790418625,NEU,0.716936767
527,NEG,0.957791626,1467946137,NEU,0.477299273,NEG,0.786622703,NEG,0.671229124,NEG,0.919329643
528,NEU,0.970584333,1467946559,POS,0.809131861,NEU,0.920479357,NEU,0.76665324,NEU,0.863919497
529,NEG,0.984578848,1467946592,NEG,0.983242393,NEG,0.983952105,NEG,0.983400166,NEG,0.984832227
530,NEG,0.976056695,1467946749,NEG,0.54812175,NEG,0.929544449,NEG,0.927114785,NEG,0.949008644
531,POS,0.979120493,1467946810,POS,0.991657913,POS,0.902130663,POS,0.946605444,POS,0.694853067
532,POS,0.921883225,1467947005,POS,0.987696826,POS,0.850426257,POS,0.946636915,POS,0.546301842
533,NEG,0.974306643,1467947104,NEG,0.871272743,NEG,0.962005138,NEG,0.959535658,NEG,0.977232397
534,NEG,0.975850701,1467947557,NEG,0.962556839,NEG,0.978270829,NEG,0.976497889,NEG,0.981178224
535,NEG,0.982529402,1467947713,NEG,0.969999611,NEG,0.973531425,NEG,0.969927251,NEG,0.976883173
536,NEU,0.895689428,1467947913,POS,0.977954686,NEU,0.774256051,NEU,0.63358438,NEU,0.847804546
537,NEG,0.822184741,1467948169,POS,0.981487155,NEU,0.693567514,NEU,0.486534506,NEG,0.585056841
538,NEU,0.842293143,1467948434,NEU,0.885635853,NEU,0.85218817,NEU,0.873183012,NEU,0.596273661
539,NEG,0.766658366,1467948521,NEU,0.51087141,NEG,0.672076762,NEG,0.571676075,NEG,0.798305452
540,NEG,0.619701028,1467948526,NEU,0.517219841,NEU,0.613258779,NEU,0.514229596,NEG,0.870818377
541,NEG,0.982608676,1467948979,NEG,0.969354391,NEG,0.980596066,NEG,0.976991594,NEG,0.983194113
542,NEG,0.793688118,1467949047,NEU,0.719264269,NEG,0.537681222,NEU,0.522688627,NEG,0.926529169
543,NEG,0.96236515,1467949516,NEG,0.96027106,NEG,0.975421906,NEG,0.97096318,NEG,0.981304407
544,NEU,0.804024637,1467949681,POS,0.984471262,NEU,0.701881349,NEU,0.738294125,NEG,0.585872233
545,NEU,0.964256942,1467949746,POS,0.990106165,NEU,0.549516022,NEU,0.548687041,NEU,0.833517313
546,NEU,0.946383417,1467949969,POS,0.531827867,NEU,0.526162148,NEU,0.651325226,NEG,0.752881289
547,NEU,0.959103525,1467950027,POS,0.982313097,NEU,0.818152785,NEU,0.779317141,NEU,0.557021677
548,NEG,0.682734132,1467950029,POS,0.68596375,NEU,0.678802669,NEU,0.724199831,NEG,0.520584166
549,POS,0.948932528,1467950217,POS,0.974300444,NEU,0.779806674,NEU,0.711362362,NEU,0.747824848
550,NEG,0.981180787,1467950510,NEG,0.980429649,NEG,0.980798662,NEG,0.980698109,NEG,0.983171046
551,NEU,0.811609864,1467950588,NEU,0.65273726,NEU,0.843248069,NEU,0.843777657,NEU,0.783511519
552,POS,0.756290674,1467950600,POS,0.974599063,NEU,0.543442249,POS,0.714936316,NEU,0.781271994
553,NEU,0.885091603,1467950649,POS,0.783951163,NEU,0.601510704,NEU,0.808568716,NEG,0.787759781
554,POS,0.65385133,1467950687,POS,0.906448483,NEU,0.615692973,POS,0.646907508,NEU,0.633835375
555,NEU,0.97335577,1467950866,POS,0.982268453,NEU,0.870590329,NEU,0.798704326,NEU,0.592981815
556,NEG,0.579832017,1467950975,POS,0.792417526,NEG,0.590522289,NEG,0.448291302,NEG,0.726364255
557,NEG,0.947250605,1467951016,NEU,0.803785443,NEG,0.746356368,NEU,0.513231575,NEG,0.914453864
558,NEG,0.960282266,1467951035,NEG,0.936172247,NEG,0.95164305,NEG,0.917948604,NEG,0.965233386
559,POS,0.991907358,1467951238,POS,0.992759109,POS,0.987026274,POS,0.987977087,POS,0.666677356
560,NEG,0.730249047,1467951252,NEU,0.720424652,NEU,0.712224066,NEU,0.833764732,NEU,0.583238602
561,NEG,0.983873963,1467951422,NEG,0.980682492,NEG,0.982437193,NEG,0.981744707,NEG,0.983987689
562,NEU,0.547609508,1467951568,POS,0.600399137,NEG,0.504713058,NEU,0.694266021,NEG,0.639228702
563,POS,0.892824709,1467951850,POS,0.990742028,POS,0.501998067,POS,0.614473164,NEU,0.705902457
564,POS,0.609343946,1467951931,POS,0.983786047,POS,0.575639606,POS,0.885637581,NEU,0.548071802
565,NEG,0.981312335,1467952069,NEG,0.664513707,NEG,0.63566494,NEG,0.719781756,NEG,0.915414631
566,NEG,0.98303324,1467952100,NEG,0.97172606,NEG,0.972269714,NEG,0.970671356,NEG,0.977758408
567,POS,0.964227319,1467952123,POS,0.97591567,POS,0.606268525,POS,0.805056036,POS,0.495463878
568,NEU,0.967401266,1467952699,POS,0.94489491,NEU,0.864772737,NEU,0.653513849,NEU,0.696519494
569,NEG,0.721030653,1467952985,POS,0.720005512,NEU,0.614879787,NEU,0.61179179,NEG,0.59423548
570,NEU,0.764070988,1467953090,NEU,0.776006639,NEU,0.507309556,NEU,0.719543934,NEG,0.582851648
571,NEU,0.665126204,1467953163,POS,0.985713005,NEU,0.65884912,POS,0.680676758,NEU,0.682672918
572,NEG,0.924485624,1467953277,NEU,0.728940129,NEU,0.594519198,NEU,0.660328388,NEG,0.811918914
573,NEG,0.875645339,1467953367,NEU,0.705026329,NEG,0.910042882,NEG,0.840067208,NEG,0.966810405
574,NEG,0.761956692,1467953500,NEU,0.7550717,NEG,0.55044359,NEU,0.675247073,NEG,0.676483929
575,NEG,0.981157839,1467953681,NEG,0.959054828,NEG,0.908966482,NEG,0.868943632,NEG,0.970694184
576,NEG,0.923685431,1467953733,NEU,0.742240787,NEG,0.606028438,NEU,0.637270451,NEG,0.708808362
577,NEU,0.539190114,1467953738,POS,0.96459651,NEU,0.670459807,NEU,0.541591644,NEU,0.806849778
578,NEG,0.977912307,1467954059,NEG,0.796192527,NEG,0.897813737,NEG,0.865278959,NEG,0.920236766
579,NEG,0.820685148,1467954070,POS,0.744550526,NEU,0.695586562,NEU,0.821652174,NEG,0.640096426
580,NEG,0.648898661,1467959908,POS,0.683061659,NEU,0.843577743,NEU,0.879133999,NEG,0.794852197
581,NEG,0.980201185,1467960066,NEU,0.778631389,NEG,0.820644081,NEG,0.858020067,NEG,0.935676277
582,NEG,0.727180123,1467960196,NEU,0.475571424,NEG,0.559354484,NEU,0.665537238,NEG,0.619346976
583,NEG,0.738674521,1467960388,POS,0.699760914,NEU,0.71254909,NEU,0.618328214,NEU,0.544816792
584,NEG,0.912517488,1467960481,POS,0.881837428,NEG,0.606951416,NEU,0.535085618,NEG,0.760429263
585,NEG,0.919080555,1467960735,NEU,0.663957238,NEG,0.592425942,NEU,0.661362708,NEG,0.683442533
586,NEG,0.931801796,1467960840,POS,0.570295155,NEU,0.775128782,NEU,0.810754538,NEG,0.58362025
587,NEG,0.775300384,1467961044,NEU,0.616836965,NEG,0.488216937,NEU,0.675875425,NEG,0.60537982
588,NEG,0.899499476,1467961091,NEG,0.593211353,NEG,0.91933006,NEG,0.842882276,NEG,0.969974577
589,NEG,0.894015372,1467961106,NEG,0.524581313,NEG,0.864006698,NEG,0.872242033,NEG,0.964574218
590,NEU,0.810008287,1467961146,POS,0.544298112,NEU,0.838550806,NEU,0.740141869,NEU,0.838333011
591,NEG,0.788330555,1467961817,NEU,0.78027606,NEG,0.972219348,NEG,0.969080746,NEG,0.980338991
592,NEG,0.981198311,1467962336,NEG,0.688726842,NEG,0.924037695,NEG,0.855019212,NEG,0.949320316
593,NEG,0.976297617,1467962502,NEG,0.965588629,NEG,0.949500263,NEG,0.93868643,NEG,0.97669208
594,NEU,0.704903126,1467962634,POS,0.691701055,NEU,0.854577422,NEU,0.566410661,NEU,0.863351285
595,NEG,0.984400809,1467962671,NEG,0.983758032,NEG,0.984082341,NEG,0.982715964,NEG,0.984245598
596,NEU,0.605252981,1467962897,POS,0.931348681,NEU,0.69350332,POS,0.769897878,NEU,0.559034884
597,NEG,0.981863439,1467962938,NEG,0.979431927,NEG,0.97715646,NEG,0.977344692,NEG,0.983518481
598,NEG,0.982239366,1467963418,NEG,0.976605535,NEG,0.979660988,NEG,0.979162455,NEG,0.983365715
599,NEU,0.718403101,1467963477,POS,0.723814249,NEU,0.674305975,NEU,0.758084953,NEG,0.608914196
600,NEU,0.763532817,1467963715,POS,0.912594736,NEU,0.66413182,POS,0.699823797,NEU,0.748172045
601,NEG,0.964123726,1467963880,NEG,0.500966966,NEG,0.824038744,NEG,0.728123307,NEG,0.891702831
602,NEU,0.895021915,1467964211,POS,0.899391472,NEU,0.784032106,NEU,0.685116708,NEU,0.654608369
603,NEG,0.819308877,1467964229,NEG,0.539538801,NEG,0.68694526,NEU,0.554727077,NEG,0.809377849
604,NEG,0.983126342,1467965065,NEG,0.955220163,NEG,0.97350651,NEG,0.971433818,NEG,0.976407051
605,NEG,0.601009786,1467965832,NEG,0.583220601,NEG,0.926110625,NEG,0.677544296,NEG,0.955369532
606,NEG,0.750200331,1467965873,NEU,0.556457818,NEG,0.578714609,NEU,0.5917328,NEG,0.67494905
607,NEU,0.725735486,1467965949,POS,0.957665503,NEU,0.815916955,NEU,0.754876852,NEG,0.527185917
608,NEU,0.785666347,1467965994,POS,0.511355937,NEU,0.820684314,NEU,0.701816201,NEU,0.80100292
609,NEU,0.741480649,1467966187,POS,0.861754358,NEG,0.542827368,NEU,0.594005227,NEG,0.767261267
610,NEU,0.964314759,1467966260,POS,0.966248274,NEU,0.882830322,NEU,0.824444234,NEU,0.901146591
611,NEG,0.936674774,1467966271,NEU,0.770678759,NEG,0.637220025,NEG,0.636048555,NEG,0.939516246
612,NEG,0.97220695,1467966560,NEG,0.959138036,NEG,0.932294607,NEG,0.944410026,NEG,0.972918034
613,NEG,0.978988171,1467966646,NEU,0.574316621,NEG,0.886005342,NEG,0.765849471,NEG,0.951798558
614,NEG,0.717848957,1467967089,POS,0.948136151,NEG,0.629643142,NEG,0.567812204,NEG,0.882888496
615,NEU,0.627654374,1467967410,POS,0.854221582,NEU,0.729696572,POS,0.618360579,NEU,0.781996965
616,NEG,0.982789636,1467967432,NEG,0.97672981,NEG,0.975596726,NEG,0.975496531,NEG,0.98239547
617,NEU,0.549537301,1467967862,POS,0.973277092,POS,0.861623764,POS,0.932831883,POS,0.797714531
618,NEU,0.548454106,1467968140,POS,0.727603912,NEU,0.804562211,NEU,0.738938987,NEU,0.656949043
619,NEG,0.759222865,1467968155,NEU,0.871837556,NEG,0.505723119,NEG,0.591741443,NEG,0.929984272
620,POS,0.82445693,1467968402,POS,0.991218746,NEU,0.556932747,POS,0.622671366,NEU,0.679304004
621,NEG,0.875213385,1467968584,POS,0.863702595,NEU,0.471645623,POS,0.411989242,NEG,0.565456092
622,NEU,0.636909842,1467968722,NEG,0.760467708,NEG,0.92046994,NEG,0.893193781,NEG,0.97606349
623,POS,0.680478811,1467968741,POS,0.889266968,NEU,0.798434913,NEU,0.626058698,NEU,0.648889959
624,NEG,0.850937724,1467968785,POS,0.921638072,NEU,0.557382166,NEU,0.660137951,NEG,0.915478587
625,POS,0.696725249,1467968979,POS,0.989329517,POS,0.887365699,POS,0.95910573,NEU,0.533189058
626,NEG,0.753571212,1467969001,POS,0.821739614,NEU,0.74339807,NEU,0.700236559,NEG,0.717868268
627,NEU,0.555824935,1467969172,POS,0.643011689,NEU,0.842825353,NEU,0.774432361,NEU,0.744357169
628,NEG,0.978753686,1467969478,NEG,0.973215401,NEG,0.980572224,NEG,0.978717148,NEG,0.98271203
629,NEG,0.966192305,1467969551,NEG,0.683874846,NEG,0.544879258,NEU,0.498025209,NEG,0.921471059
630,NEG,0.750602424,1467969625,NEU,0.799719334,NEG,0.613383591,NEU,0.640051544,NEG,0.919586301
631,NEG,0.91301614,1467969654,NEG,0.520051599,NEG,0.916706204,NEG,0.85802424,NEG,0.959660769
632,NEG,0.942753553,1467970550,NEG,0.797169447,NEG,0.917168736,NEG,0.893018126,NEG,0.962333143
633,NEG,0.962802887,1467970648,NEG,0.910430789,NEG,0.962830544,NEG,0.955789089,NEG,0.973136485
634,NEG,0.899776757,1467970783,POS,0.855354071,NEU,0.601422369,NEU,0.51314497,NEG,0.819605947
635,NEG,0.978874505,1467970917,NEG,0.690061212,NEG,0.978219628,NEG,0.979151249,NEG,0.982416749
636,NEG,0.982384741,1467971318,NEG,0.513997793,NEG,0.767329097,NEG,0.809675813,NEG,0.937608182
637,NEG,0.668192089,1467971407,NEU,0.5213238,NEG,0.929676712,NEG,0.824822903,NEG,0.968316495
638,NEG,0.655928552,1467971977,POS,0.661282718,NEU,0.833042145,NEU,0.808002234,NEG,0.595400691
639,NEG,0.762677431,1467972017,NEU,0.763352156,NEG,0.503912151,NEU,0.744514287,NEG,0.578910112
640,NEG,0.954422891,1467972262,NEG,0.886172771,NEG,0.889762402,NEG,0.818067968,NEG,0.933618426
641,NEG,0.897187233,1467972493,NEU,0.629711151,NEU,0.600383341,NEU,0.668522239,NEG,0.69682467
642,NEG,0.983427703,1467972750,NEG,0.977227509,NEG,0.982188404,NEG,0.980404675,NEG,0.983931124
643,NEG,0.819594264,1467972931,NEU,0.916479588,NEG,0.605440676,NEU,0.648788571,NEG,0.753986478
644,NEG,0.977088094,1467978564,NEU,0.864586592,NEG,0.624344647,NEU,0.502327681,NEG,0.789065719
645,NEG,0.938034594,1467978585,NEG,0.922803044,NEG,0.945399165,NEG,0.921263993,NEG,0.962639928
646,NEG,0.871776998,1467978803,NEU,0.727745414,NEG,0.563654602,NEU,0.628502905,NEG,0.728734314
647,POS,0.512183964,1467978846,POS,0.983612001,NEU,0.805749476,NEU,0.636314571,NEU,0.634051323
648,POS,0.991336703,1467979094,POS,0.992591858,POS,0.990605533,POS,0.991564274,POS,0.986731172
649,NEG,0.971450806,1467979143,NEG,0.911186874,NEG,0.955041945,NEG,0.937865734,NEG,0.974536002
650,NEG,0.816479445,1467979291,NEU,0.771740675,NEG,0.501480639,NEG,0.488943487,NEG,0.801617801
651,NEU,0.50568521,1467979353,NEU,0.714761376,NEG,0.737756908,NEG,0.601676166,NEG,0.884074509
652,NEU,0.566995382,1467979479,POS,0.645099223,NEU,0.693403363,NEU,0.636760652,NEU,0.71925962
653,NEU,0.714821458,1467979491,NEU,0.52780968,NEU,0.575240493,NEU,0.727895617,NEG,0.68805027
654,NEG,0.942479312,1467979676,NEG,0.806925178,NEG,0.960797012,NEG,0.903482497,NEG,0.977100968
655,NEG,0.873184979,1467979782,POS,0.845692396,NEG,0.672153175,NEU,0.503169775,NEG,0.819724441
656,POS,0.980677783,1467979881,POS,0.991569996,POS,0.933639169,POS,0.972119391,NEU,0.579841912
657,NEG,0.982734144,1467980053,NEG,0.98386097,NEG,0.984333932,NEG,0.984162927,NEG,0.98452282
658,NEU,0.68884021,1467980251,NEU,0.686275899,NEG,0.791942358,NEG,0.629360974,NEG,0.94070226
659,NEG,0.937257767,1467980262,NEU,0.875061452,NEG,0.765399933,NEU,0.738517404,NEG,0.881070673
660,NEG,0.974078953,1467980679,NEG,0.93920666,NEG,0.937208354,NEG,0.935072482,NEG,0.966349244
661,NEG,0.964092433,1467980858,NEG,0.633374989,NEG,0.644729316,NEG,0.56056875,NEG,0.912162244
662,NEG,0.960319638,1467981007,NEG,0.954126418,NEG,0.967994452,NEG,0.952199697,NEG,0.977348804
663,NEG,0.970060825,1467981027,NEG,0.932154477,NEG,0.96121645,NEG,0.947531283,NEG,0.973352432
664,NEG,0.490676463,1467981326,NEU,0.734800339,NEU,0.596685648,NEU,0.721080124,NEG,0.549613476
665,POS,0.98383522,1467981408,POS,0.990138888,POS,0.979801774,POS,0.982221901,POS,0.949011207
666,NEG,0.983408213,1467981468,NEU,0.556588471,NEG,0.875165761,NEG,0.750074267,NEG,0.939699054
667,NEG,0.983605206,1467981584,NEG,0.965488672,NEG,0.942850828,NEG,0.918720365,NEG,0.965866864
668,NEG,0.978572249,1467981695,NEG,0.735040724,NEG,0.729181588,NEG,0.494726032,NEG,0.897268951
669,NEG,0.835835397,1467981897,NEU,0.750350952,NEU,0.772171795,NEU,0.775777757,NEG,0.807807148
670,NEG,0.978955865,1467982038,NEG,0.962679684,NEG,0.958475709,NEG,0.954104483,NEG,0.97371912
671,NEU,0.746085823,1467982039,POS,0.881127954,NEU,0.808425069,NEU,0.812864721,NEG,0.610584736
672,NEG,0.733480155,1467982077,NEU,0.390889585,NEG,0.852617204,NEG,0.830473006,NEG,0.913782835
673,NEG,0.966151476,1467982235,POS,0.825692415,NEU,0.552001357,NEU,0.674497187,NEG,0.937378526
674,NEG,0.908331752,1467982281,NEG,0.562085807,NEG,0.918651342,NEG,0.898455143,NEG,0.958536565
675,POS,0.799543798,1467982442,POS,0.969870508,POS,0.640058398,POS,0.945188463,NEU,0.669683754
676,NEG,0.978766143,1467982606,NEG,0.953439236,NEG,0.952950716,NEG,0.928175926,NEG,0.9555673
677,NEU,0.781484127,1467982607,NEU,0.885022223,NEU,0.645860732,NEU,0.659479618,NEG,0.776871502
678,NEG,0.982156217,1467982718,NEG,0.978954256,NEG,0.974421084,NEG,0.970624447,NEG,0.979245901
679,NEU,0.525468946,1467982795,POS,0.990565717,POS,0.946334183,POS,0.981786788,POS,0.866861761
680,NEG,0.507420719,1467983247,NEU,0.873785138,NEG,0.691453874,NEU,0.608152032,NEG,0.880520821
681,NEG,0.962856054,1467983249,NEU,0.550295174,NEG,0.813435495,NEG,0.675006688,NEG,0.864716351
682,NEG,0.64555788,1467983568,NEU,0.83486855,NEU,0.699812233,NEU,0.808889031,NEU,0.524906576
683,NEU,0.637489021,1467983745,POS,0.95263344,NEU,0.897982121,NEU,0.877362549,NEG,0.55751431
684,NEG,0.723243713,1467983950,POS,0.983368337,POS,0.503797233,POS,0.740618229,NEU,0.564739645
685,NEU,0.798858464,1467984364,POS,0.899433494,NEU,0.820841849,NEU,0.535904408,NEU,0.825347543
686,NEG,0.965890884,1467984605,NEG,0.946263731,NEG,0.966390193,NEG,0.962500989,NEG,0.979898334
687,NEG,0.981387377,1467984655,NEG,0.941215873,NEG,0.965168238,NEG,0.939604759,NEG,0.970998466
688,POS,0.525685847,1467985031,POS,0.965862632,NEU,0.744577229,POS,0.610793352,NEU,0.709078848
689,NEG,0.969334602,1467985114,NEG,0.493805617,NEG,0.822836578,NEG,0.815977871,NEG,0.939458489
690,NEU,0.980768263,1467985153,POS,0.694612205,NEU,0.900113344,NEU,0.828880668,NEU,0.645654738
691,NEG,0.966585279,1467985155,NEG,0.956828475,NEG,0.969623685,NEG,0.9659639,NEG,0.981002331
692,NEU,0.942973137,1467985166,POS,0.914941788,NEU,0.857193947,NEU,0.731258094,NEU,0.602526009
693,NEG,0.883355319,1467985185,POS,0.704755962,NEU,0.74200964,NEU,0.801945627,NEU,0.512134671
694,NEG,0.968751609,1467985226,NEG,0.952321947,NEG,0.953664482,NEG,0.945330203,NEG,0.97182411
695,NEU,0.658170819,1467985259,POS,0.655263364,NEU,0.678745568,NEU,0.699454367,NEG,0.77103126
696,POS,0.988858819,1467985560,POS,0.992805183,POS,0.961211145,POS,0.985422969,POS,0.747654676
697,NEG,0.966090143,1467986058,POS,0.726657033,NEU,0.45822981,NEG,0.514086843,NEG,0.890385807
698,NEG,0.974902034,1467986061,POS,0.502056479,NEU,0.826192975,NEU,0.827486515,NEG,0.675397933
699,NEU,0.945758581,1467986157,POS,0.725113809,NEU,0.841573358,NEU,0.82588011,NEU,0.582311749
700,NEG,0.811430395,1467986284,NEU,0.649372458,NEU,0.503540039,NEU,0.570283473,NEG,0.842695653
701,POS,0.539172113,1467986323,POS,0.945149779,NEU,0.680303335,NEU,0.580527961,NEU,0.582741976
702,NEU,0.828802049,1467986374,POS,0.989526987,NEU,0.816326737,NEU,0.787582457,NEU,0.673853576
703,NEG,0.941654444,1467986559,NEU,0.552188396,NEG,0.826552033,NEG,0.677863955,NEG,0.868376017
704,NEU,0.765153766,1467986889,NEU,0.735210478,NEG,0.799146175,NEG,0.67125535,NEG,0.962062001
705,NEG,0.961341798,1467986976,NEU,0.7927351,NEU,0.559914529,NEU,0.752304018,NEG,0.626444399
706,NEU,0.589871645,1467987098,POS,0.961718857,NEU,0.593619883,POS,0.787607789,NEU,0.765972555
707,NEG,0.866713405,1467987619,POS,0.850095153,NEU,0.729309618,NEU,0.698341787,NEU,0.658110023
708,POS,0.895872295,1467987712,POS,0.98437196,POS,0.936902404,POS,0.977243543,POS,0.873314917
709,NEU,0.924270928,1467987736,POS,0.990104854,NEU,0.759714842,NEU,0.687973142,NEU,0.659211993
710,NEU,0.810426652,1467987971,NEU,0.806817114,NEU,0.614335001,NEU,0.854159415,NEG,0.510254741
711,NEG,0.706150234,1467988366,NEU,0.909946382,NEG,0.77258569,NEG,0.642127872,NEG,0.950592697
712,NEU,0.94961381,1467988612,NEU,0.788204491,NEU,0.811573923,NEU,0.85522002,NEU,0.654700994
713,NEU,0.726049066,1467988885,POS,0.760533154,NEG,0.598701537,NEU,0.697152555,NEG,0.899874151
714,NEG,0.904061317,1467989188,NEU,0.57486099,NEG,0.646510422,NEU,0.547724068,NEG,0.792464435
715,NEG,0.983575761,1467989855,NEG,0.971904755,NEG,0.957943857,NEG,0.960349441,NEG,0.977178216
716,NEU,0.746864438,1467990115,POS,0.831393063,NEU,0.834397376,NEU,0.808740318,NEU,0.777774572
717,POS,0.954139471,1467990374,POS,0.984327674,POS,0.574322522,POS,0.76954174,NEU,0.574534714
718,NEG,0.966017127,1467990530,NEU,0.825043142,NEU,0.629105091,NEU,0.758625746,NEG,0.655794501
719,NEG,0.9651317,1467990628,NEG,0.866185963,NEG,0.954684556,NEG,0.946587145,NEG,0.975591421
720,NEG,0.933970153,1467992207,NEU,0.814813614,NEG,0.732592702,NEG,0.640783846,NEG,0.892591476
721,NEG,0.976665914,1467992251,NEG,0.974682987,NEG,0.971586287,NEG,0.972058475,NEG,0.979900897
722,NEU,0.962546706,1467992351,POS,0.886767924,NEU,0.735836983,POS,0.558470786,NEU,0.771213233
723,NEG,0.797138214,1467992521,POS,0.41039747,NEG,0.494260728,NEG,0.483766228,NEG,0.904913127
724,NEG,0.966680944,1467992592,NEG,0.942869902,NEG,0.901306152,NEG,0.875168741,NEG,0.955624759
725,NEG,0.71418184,1467992696,NEU,0.798009038,NEU,0.782321274,NEU,0.815410018,NEU,0.57747215
726,NEU,0.97758466,1467992866,POS,0.958909214,NEU,0.891007066,NEU,0.81432128,NEU,0.803690732
727,NEG,0.873704851,1467992993,NEG,0.497890115,NEG,0.768239796,NEG,0.71522671,NEG,0.964191437
728,POS,0.809480071,1467993509,POS,0.990956485,POS,0.862362802,POS,0.949813545,POS,0.556077182
729,NEG,0.950327814,1467993608,POS,0.988626659,NEU,0.724549234,POS,0.605654955,NEU,0.552752972
730,NEG,0.984275937,1467993829,NEG,0.985186875,NEG,0.985365987,NEG,0.985311747,NEG,0.985368907
731,NEU,0.974409342,1467993866,POS,0.934720516,NEU,0.830788672,NEU,0.751832008,NEU,0.604673743
732,NEG,0.976256967,1467994306,NEG,0.613249838,NEG,0.784544826,NEG,0.686460674,NEG,0.939036131
733,NEG,0.940293431,1467994316,NEU,0.809290051,NEG,0.503021657,NEU,0.572798967,NEG,0.949175358
734,NEG,0.982803464,1467994419,NEU,0.579861999,NEG,0.848455906,NEG,0.758031189,NEG,0.941646695
735,NEG,0.916304886,1467994519,POS,0.992060065,POS,0.551870763,POS,0.915943682,NEG,0.883743465
736,NEU,0.873174369,1467995216,POS,0.987916589,NEU,0.74615097,NEU,0.706171572,NEG,0.500677407
737,NEG,0.968080699,1467995217,NEU,0.649301529,NEG,0.658956647,NEG,0.570604324,NEG,0.879544199
738,NEU,0.590135932,1467995433,POS,0.982169926,NEU,0.596608698,POS,0.799134493,NEU,0.533069074
739,NEU,0.955674648,1467995609,POS,0.51259017,NEU,0.862091064,NEU,0.831621706,NEU,0.594316602
740,NEG,0.579499543,1467995759,NEU,0.681720853,NEU,0.732928097,NEU,0.781963766,NEU,0.651384473
741,NEG,0.945815384,1467996032,NEG,0.639162719,NEG,0.84814924,NEG,0.693242013,NEG,0.898553908
742,POS,0.935981512,1467996096,POS,0.979913235,POS,0.823752761,POS,0.95239222,POS,0.700083733
743,NEG,0.895258129,1467996633,NEU,0.691094875,NEG,0.541987419,NEG,0.588371575,NEG,0.929179132
744,NEG,0.974334538,1467996852,NEG,0.792124271,NEG,0.877286315,NEG,0.765399754,NEG,0.905451298
745,NEG,0.976810813,1467997236,POS,0.432689577,NEG,0.801987588,NEG,0.707221985,NEG,0.914531589
746,NEG,0.919515133,1467997817,POS,0.92253834,NEU,0.616289794,POS,0.554311395,NEG,0.809106648
747,NEU,0.706348896,1467998037,POS,0.978135705,NEU,0.509331167,POS,0.810205996,NEU,0.58569479
748,NEU,0.499349952,1467998248,POS,0.686478257,NEU,0.708538234,NEU,0.624005198,NEU,0.711835623
749,POS,0.522957385,1467998362,POS,0.93193233,NEU,0.837986529,NEU,0.759068549,NEU,0.672404885
750,POS,0.602664709,1467998485,POS,0.968429744,NEU,0.564042211,NEU,0.533706605,NEU,0.596628964
751,NEU,0.894768357,1467998601,POS,0.977237403,NEU,0.741747439,NEU,0.57222271,NEU,0.760865271
752,NEG,0.982906222,1467998657,NEG,0.717750013,NEG,0.929543138,NEG,0.925142884,NEG,0.968594074
753,POS,0.935677826,1467998795,POS,0.935996056,NEU,0.641208529,NEU,0.590142787,NEG,0.617671132
754,NEG,0.907338381,1467998928,NEU,0.835414827,NEG,0.727676153,NEG,0.58309418,NEG,0.929157138
755,NEU,0.584316552,1467998954,POS,0.96441865,NEU,0.766656101,NEU,0.587415636,NEU,0.741385162
756,NEG,0.882977188,1467998983,NEU,0.587786436,NEG,0.700648904,NEG,0.525492787,NEG,0.88792938
757,NEG,0.785931885,1467999423,NEU,0.694921851,NEU,0.612990737,NEU,0.621848047,NEG,0.843120098
758,NEU,0.971244514,1467999499,POS,0.979519367,NEU,0.823383629,POS,0.552401006,NEU,0.81950134
759,NEU,0.739643514,1467999819,NEU,0.933115363,NEG,0.943262517,NEG,0.923963964,NEG,0.971345961
760,NEG,0.72652483,1467999887,NEU,0.549910963,NEU,0.799867749,NEU,0.789292872,NEU,0.628601193
761,NEG,0.984135985,1468000014,NEU,0.860783398,NEU,0.778892636,NEU,0.828926444,NEU,0.665622592
762,NEG,0.985595942,1468000208,NEG,0.985656023,NEG,0.985464394,NEG,0.985474706,NEG,0.985689044
763,NEG,0.982281685,1468000700,NEG,0.911165416,NEG,0.859095156,NEG,0.840842307,NEG,0.964261591
764,NEG,0.983704507,1468000743,NEG,0.98217082,NEG,0.983204365,NEG,0.982327819,NEG,0.98451829
765,NEU,0.930862784,1468000812,POS,0.939716518,NEU,0.499191821,NEU,0.663993895,NEG,0.868859231
766,POS,0.648336709,1468000880,POS,0.986970782,NEU,0.724904358,NEU,0.640737832,NEU,0.704515159
767,NEU,0.726282716,1468000929,POS,0.963976681,NEU,0.697605193,POS,0.722734392,NEU,0.789120197
768,NEG,0.977061927,1468000948,NEU,0.506097257,NEG,0.822419345,NEG,0.751343727,NEG,0.955024779
769,NEG,0.898560464,1468000996,NEU,0.740206122,NEG,0.594210207,NEU,0.554730773,NEG,0.901035964
770,POS,0.778799713,1468001373,POS,0.98306942,POS,0.550226331,POS,0.713390291,NEU,0.710271478
771,NEU,0.562147081,1468001543,POS,0.80598706,NEU,0.752760828,NEU,0.795628548,NEU,0.674384892
772,NEG,0.983665645,1468001960,NEG,0.899739206,NEG,0.919971347,NEG,0.896542966,NEG,0.971042275
773,NEG,0.969607294,1468001978,NEG,0.941662371,NEG,0.955470979,NEG,0.945822656,NEG,0.97036767
774,NEU,0.752574801,1468002902,POS,0.992568374,POS,0.589087069,POS,0.680078268,NEU,0.637871623
775,POS,0.869722009,1468002948,POS,0.989700913,POS,0.577253342,POS,0.942436993,NEU,0.529754043
776,NEG,0.969808042,1468003025,NEG,0.87904495,NEG,0.923577607,NEG,0.868568957,NEG,0.956034362
777,NEG,0.930722058,1468003264,NEU,0.642425299,NEG,0.586428344,NEU,0.583282888,NEG,0.655989349
778,NEG,0.9127841,1468003324,NEG,0.86344099,NEG,0.903744996,NEG,0.889690518,NEG,0.971277595
779,POS,0.471021742,1468003327,POS,0.983703792,NEU,0.690044463,NEU,0.510714233,NEU,0.531802297
780,NEU,0.503239632,1468003631,NEU,0.454263359,NEG,0.866500497,NEG,0.844889283,NEG,0.962828517
781,NEG,0.916266859,1468004048,POS,0.833426178,NEU,0.497109234,NEU,0.561741948,NEG,0.772350371
782,POS,0.985228837,1468004641,POS,0.990597665,POS,0.896609426,POS,0.968782604,POS,0.812465668
783,NEU,0.946075678,1468004743,POS,0.81616801,NEU,0.793073118,NEU,0.763045609,NEU,0.494358033
784,NEG,0.873758793,1468004846,NEU,0.629718721,NEU,0.556934178,NEU,0.655221939,NEG,0.632765353
785,NEU,0.913343787,1468005022,NEU,0.713181376,NEU,0.921799302,NEU,0.797185063,NEU,0.835666537
786,NEG,0.901244104,1468005297,NEU,0.879856944,NEU,0.610364914,NEU,0.803683877,NEG,0.701969206
787,NEU,0.65426898,1468006137,NEU,0.513539255,NEU,0.874776781,NEU,0.842784524,NEG,0.496579945
788,NEG,0.980554223,1468006169,NEG,0.881446362,NEG,0.948257685,NEG,0.929809153,NEG,0.959752262
789,NEG,0.950195253,1468006195,NEG,0.96826297,NEG,0.884276092,NEG,0.939543068,NEG,0.977907836
790,NEG,0.97278893,1468006296,NEU,0.579587162,NEG,0.927926958,NEG,0.920286059,NEG,0.972274005
791,NEG,0.962931991,1468006362,NEG,0.907869577,NEG,0.948321462,NEG,0.91554749,NEG,0.9721995
792,NEG,0.975551128,1468006505,NEG,0.965149462,NEG,0.975949049,NEG,0.974527717,NEG,0.982311845
793,POS,0.844468474,1468006591,POS,0.980889261,NEU,0.644473016,POS,0.527321458,NEU,0.649463892
794,NEG,0.982454717,1468006681,NEG,0.880501688,NEG,0.915626645,NEG,0.918246627,NEG,0.962234676
795,NEG,0.9692536,1468006748,NEG,0.568818212,NEG,0.813438416,NEG,0.687864184,NEG,0.90771538
796,POS,0.475856662,1468006784,POS,0.971831799,POS,0.498543352,POS,0.697921336,NEU,0.543227613
797,NEU,0.937038124,1468006962,POS,0.657862782,NEU,0.823091447,NEU,0.691874623,NEU,0.906017959
798,NEG,0.970706105,1468007450,NEG,0.718308151,NEG,0.776448905,NEG,0.802998126,NEG,0.957817614
799,NEU,0.785693169,1468007676,NEU,0.940158546,NEG,0.638280094,NEU,0.570086956,NEG,0.90057236
800,NEG,0.961822927,1468007877,NEG,0.685163975,NEG,0.627018631,NEG,0.614265561,NEG,0.944693625
801,NEG,0.983892322,1468010183,NEG,0.887060642,NEG,0.944604635,NEG,0.919346571,NEG,0.970984638
802,NEU,0.728982925,1468010236,POS,0.931247532,NEG,0.679541171,NEG,0.77494061,NEG,0.934340298
803,NEG,0.720444977,1468010250,POS,0.566497505,NEG,0.886777818,NEG,0.825104713,NEG,0.951728582
804,NEG,0.96715945,1468010346,NEG,0.968337357,NEG,0.980922401,NEG,0.980090439,NEG,0.984151006
805,NEU,0.550964415,1468010664,NEU,0.660976231,NEG,0.809110045,NEG,0.712176621,NEG,0.937561989
806,NEU,0.764891505,1468011003,POS,0.963769913,NEU,0.842276752,NEU,0.842558682,NEG,0.520052671
807,NEU,0.865588427,1468011315,POS,0.936191976,NEU,0.839372218,NEU,0.77306807,NEG,0.839652658
808,NEG,0.932115078,1468012099,POS,0.929966331,NEU,0.652328849,NEU,0.631591082,NEG,0.772934139
809,NEG,0.984885633,1468012103,NEG,0.97536999,NEG,0.982734144,NEG,0.979452968,NEG,0.983405948
810,NEG,0.979111671,1468012152,NEG,0.960049152,NEG,0.965704083,NEG,0.959966779,NEG,0.978513241
811,NEU,0.806937635,1468012289,NEU,0.515567064,NEU,0.824135065,NEU,0.85826093,NEU,0.663378179
812,NEG,0.959537089,1468012316,NEG,0.881049871,NEG,0.964556277,NEG,0.964827657,NEG,0.98044306
813,NEG,0.893902898,1468012486,NEG,0.708925009,NEG,0.713276446,NEG,0.740072787,NEG,0.905930936
814,NEG,0.907501578,1468012742,NEU,0.472513556,NEU,0.661084771,NEU,0.571828246,NEG,0.836164355
815,NEG,0.516091108,1468012912,POS,0.813589513,NEU,0.577966034,NEU,0.519823551,NEU,0.484940976
816,POS,0.768563807,1468012988,POS,0.881294131,NEU,0.515991688,POS,0.735648334,NEU,0.682632625
817,NEG,0.978153586,1468013020,NEG,0.945625722,NEG,0.967059731,NEG,0.960208714,NEG,0.97803843
818,NEU,0.579964221,1468013135,POS,0.985845566,NEU,0.625212252,POS,0.853459656,NEU,0.617445171
819,NEU,0.884580731,1468013308,POS,0.987252772,NEU,0.824092805,NEU,0.781125784,NEU,0.51206094
820,NEU,0.767893195,1468013368,POS,0.691848636,NEU,0.713490546,NEU,0.573630214,NEU,0.752059996
821,NEG,0.981066227,1468013773,NEG,0.977295399,NEG,0.981225669,NEG,0.979267478,NEG,0.983087182
822,NEU,0.658443868,1468013866,POS,0.916690052,NEU,0.812788665,NEU,0.724885285,NEU,0.797157526
823,NEU,0.970636666,1468013989,POS,0.664980471,NEU,0.923454165,NEU,0.876326025,NEG,0.665676892
824,NEG,0.59387207,1468014152,NEU,0.544932842,NEG,0.881900191,NEG,0.705889106,NEG,0.947413206
825,NEG,0.95230639,1468014191,NEU,0.636484563,NEG,0.648870707,NEU,0.502788901,NEG,0.872892141
826,NEG,0.950320244,1468014340,NEG,0.93237555,NEG,0.972495258,NEG,0.943652272,NEG,0.979137897
827,NEG,0.983946562,1468014571,NEG,0.981734276,NEG,0.982173324,NEG,0.982668996,NEG,0.983972788
828,NEG,0.969299734,1468014803,POS,0.594466329,NEG,0.946323276,NEG,0.935359836,NEG,0.977615654
829,NEG,0.974073589,1468015006,NEG,0.960325897,NEG,0.977241993,NEG,0.968380213,NEG,0.979835868
830,NEG,0.919612944,1468015014,NEG,0.75488317,NEG,0.899981797,NEG,0.890351713,NEG,0.970328331
831,NEU,0.586712182,1468015635,POS,0.834994018,NEU,0.824421704,NEU,0.794683158,NEU,0.548110664
832,POS,0.849782288,1468017259,POS,0.988661885,POS,0.598127544,POS,0.887298048,NEU,0.59805733
833,NEG,0.914652288,1468018354,NEG,0.520335674,NEG,0.872258246,NEG,0.8547405,NEG,0.967717767
834,NEG,0.913197219,1468018399,POS,0.989055872,POS,0.674099326,POS,0.798319042,NEG,0.752888978
835,NEG,0.981343567,1468018434,NEG,0.815043092,NEG,0.851862192,NEG,0.703259051,NEG,0.932387173
836,NEG,0.963988006,1468018610,NEG,0.930251181,NEG,0.96116823,NEG,0.94783026,NEG,0.97887814
837,NEG,0.978232205,1468019147,NEG,0.520759761,NEU,0.626646698,NEG,0.479873806,NEG,0.878347993
838,NEU,0.854283512,1468019183,POS,0.988817096,NEU,0.754122078,NEU,0.734071374,NEU,0.542446733
839,NEG,0.983997822,1468019369,NEG,0.983545363,NEG,0.984252512,NEG,0.983511448,NEG,0.98436445
840,NEG,0.935313642,1468019453,NEU,0.819893777,NEG,0.530140936,NEU,0.636877,NEG,0.718634129
841,NEG,0.974223077,1468019679,NEU,0.82556361,NEU,0.507793128,NEU,0.671976268,NEG,0.648954988
842,POS,0.667947769,1468020159,POS,0.982877314,NEU,0.630538106,POS,0.863136053,NEU,0.716093361
843,NEG,0.98523891,1468020340,NEG,0.984181583,NEG,0.984030724,NEG,0.982445836,NEG,0.984587669
844,NEG,0.879858613,1468020550,NEU,0.735685587,NEU,0.753418565,NEU,0.718136609,NEG,0.636040866
845,NEU,0.85991621,1468020636,POS,0.962405324,NEU,0.530412316,NEU,0.694120646,NEG,0.78551507
846,NEU,0.577874422,1468020819,POS,0.835374951,NEU,0.645692945,POS,0.568482995,NEU,0.66886121
847,NEG,0.94948715,1468020989,NEG,0.577871799,NEG,0.903110325,NEG,0.79635042,NEG,0.965391457
848,NEG,0.98285979,1468021282,NEG,0.98022157,NEG,0.969709516,NEG,0.96846807,NEG,0.981429279
849,NEG,0.935109496,1468021321,NEG,0.930794239,NEG,0.928801298,NEG,0.907030463,NEG,0.975933969
850,NEU,0.720831692,1468021330,POS,0.927387238,NEG,0.657280326,NEU,0.557674229,NEG,0.946108639
851,NEU,0.6994735,1468021397,POS,0.694175482,NEU,0.844197035,NEU,0.777745903,NEU,0.735361397
852,NEG,0.92964375,1468021408,NEU,0.772032559,NEG,0.609731734,NEU,0.66005373,NEG,0.828613102
853,NEG,0.562037289,1468021699,NEU,0.729269862,NEG,0.739638507,NEG,0.633661807,NEG,0.924814641
854,NEG,0.984899879,1468022265,NEG,0.984224796,NEG,0.982846916,NEG,0.982191741,NEG,0.984357357
855,NEU,0.631021142,1468022377,POS,0.730787635,NEU,0.911426783,NEU,0.880769849,NEG,0.658303142
856,NEG,0.984206438,1468022707,NEG,0.971019447,NEG,0.978058577,NEG,0.975819051,NEG,0.980433643
857,NEG,0.871003151,1468022727,NEU,0.647673607,NEG,0.548434675,NEU,0.505324483,NEG,0.891271114
858,NEG,0.959577918,1468023022,NEG,0.958236217,NEG,0.966514587,NEG,0.965341568,NEG,0.97902441
859,NEU,0.86571312,1468023065,NEU,0.753136396,NEU,0.878516614,NEU,0.880642891,NEU,0.688021481
860,NEG,0.968191087,1468023146,NEU,0.659252107,NEG,0.780509233,NEG,0.674168587,NEG,0.95040518
861,NEG,0.979293108,1468023365,NEG,0.97000736,NEG,0.979635715,NEG,0.978404105,NEG,0.982819021
862,NEG,0.929381311,1468023488,POS,0.924994767,NEU,0.825531185,NEU,0.833382368,NEU,0.521866083
863,NEG,0.884448528,1468023501,POS,0.876851261,NEU,0.557817519,NEU,0.515593529,NEG,0.799109876
864,NEG,0.946440816,1468023868,NEG,0.879722238,NEG,0.947799146,NEG,0.919593275,NEG,0.972589731
865,NEG,0.972812414,1468024089,NEG,0.942853987,NEG,0.955130041,NEG,0.954319656,NEG,0.974740863
866,NEG,0.433211774,1468024248,POS,0.981852829,POS,0.583569884,POS,0.681664467,NEU,0.560601771
867,NEG,0.972392678,1468024469,NEG,0.563448966,NEG,0.757154226,NEG,0.670097113,NEG,0.836957037
868,NEG,0.984733999,1468024495,NEG,0.891447663,NEG,0.957585156,NEG,0.924823403,NEG,0.968296468
869,POS,0.966383934,1468030831,POS,0.992419422,POS,0.967592061,POS,0.97391516,POS,0.865815461
870,NEU,0.66766727,1468031172,POS,0.990361214,NEU,0.807033479,NEU,0.747135282,NEU,0.692034245
871,NEU,0.97475183,1468031217,POS,0.991086543,NEU,0.818661571,NEU,0.770519793,NEU,0.771422207
872,NEU,0.562303662,1468031438,POS,0.95968163,POS,0.673804581,POS,0.911915421,NEU,0.566894233
873,NEU,0.791421294,1468031439,POS,0.979960501,NEU,0.728353202,NEU,0.599369884,NEU,0.587143004
874,NEG,0.965559602,1468031544,NEG,0.726112366,NEG,0.911521554,NEG,0.834570944,NEG,0.929977775
875,NEG,0.972492337,1468031563,NEG,0.93435204,NEG,0.97500664,NEG,0.971169651,NEG,0.980703473
876,NEG,0.971183717,1468031616,NEG,0.969552755,NEG,0.976738572,NEG,0.976522982,NEG,0.981706917
877,NEU,0.930819213,1468031800,POS,0.968445957,NEU,0.775759518,NEU,0.71045506,NEU,0.61628598
878,NEG,0.698148489,1468031805,NEU,0.808247328,NEU,0.57604152,NEU,0.831320226,NEU,0.632246256
879,NEU,0.911582351,1468031882,POS,0.901684582,NEU,0.878677666,NEU,0.593839765,NEU,0.706255674
880,NEG,0.62792778,1468032209,POS,0.846637428,NEG,0.582128465,NEU,0.573894799,NEG,0.919587195
881,NEG,0.610763311,1468032348,NEG,0.565620065,NEU,0.59525156,NEU,0.530032277,NEG,0.934033155
882,NEG,0.969173074,1468032456,NEG,0.470364064,NEG,0.847567022,NEG,0.721607029,NEG,0.959673762
883,NEG,0.875232458,1468032547,NEU,0.890778422,NEU,0.613406003,NEU,0.748504877,NEG,0.575456798
884,NEG,0.984647036,1468032572,NEG,0.978693008,NEG,0.98332572,NEG,0.980909884,NEG,0.9849177
885,NEG,0.96910727,1468032622,NEG,0.581988931,NEG,0.841000378,NEG,0.75566256,NEG,0.925049424
886,POS,0.983682454,1468032862,POS,0.988172352,POS,0.934687376,POS,0.973710001,POS,0.834209919
887,NEG,0.98480922,1468032869,NEG,0.985122859,NEG,0.985239863,NEG,0.985074759,NEG,0.985049784
888,NEU,0.791190743,1468033025,POS,0.989314556,NEU,0.85043782,NEU,0.689832389,NEU,0.815043271
889,NEU,0.952852547,1468033122,POS,0.740334392,NEU,0.806677103,NEU,0.790036619,NEU,0.61259371
890,POS,0.734379113,1468033152,POS,0.963711441,NEU,0.826581419,POS,0.534648061,NEU,0.815508306
891,NEG,0.579330444,1468033194,NEU,0.721389353,NEU,0.562323928,NEU,0.756146371,NEG,0.650487363
892,NEG,0.979315519,1468033322,NEG,0.958497465,NEG,0.9759202,NEG,0.971632659,NEG,0.981894672
893,NEU,0.46399954,1468033365,NEU,0.624227047,NEU,0.776803374,NEU,0.744279504,NEU,0.499083638
894,NEG,0.983947635,1468033516,NEG,0.960799217,NEG,0.976133704,NEG,0.961591423,NEG,0.981778979
895,NEU,0.849691331,1468033903,NEU,0.643445313,NEU,0.848411441,NEU,0.851363778,NEG,0.503639758
896,NEU,0.835046709,1468033983,POS,0.973559916,NEU,0.838790596,NEU,0.735427916,NEU,0.699741364
897,NEU,0.976485491,1468034035,POS,0.884891927,NEU,0.836798787,NEU,0.78235364,NEU,0.749955535
898,NEG,0.981999397,1468034417,NEG,0.63166064,NEG,0.760809183,NEG,0.513125837,NEG,0.887591839
899,NEG,0.582361639,1468034467,NEU,0.596066058,NEU,0.640505254,NEU,0.567598641,NEG,0.803506255
900,NEU,0.912200212,1468034646,POS,0.990185261,NEU,0.824982345,NEU,0.582874894,NEU,0.802489042
901,POS,0.942678034,1468034673,POS,0.991731346,NEU,0.505790591,POS,0.762086451,NEU,0.765184879
902,POS,0.838277459,1468034773,POS,0.968001246,POS,0.615443587,POS,0.867667437,NEU,0.615020156
903,NEU,0.924507737,1468034808,POS,0.666228592,NEU,0.913788259,NEU,0.78631115,NEU,0.838403642
904,NEU,0.931566179,1468035296,POS,0.977264047,NEU,0.748605371,NEU,0.556555986,NEU,0.845637798
905,NEG,0.921654701,1468035396,NEU,0.735857904,NEU,0.605934739,NEU,0.735783637,NEU,0.572909951
906,NEG,0.961650133,1468035417,NEG,0.949518681,NEG,0.974801242,NEG,0.969906986,NEG,0.981179953
907,NEU,0.731466591,1468035468,POS,0.588801026,NEU,0.713270783,NEU,0.571450353,NEU,0.741866767
908,NEG,0.498469055,1468035613,NEU,0.741562665,NEG,0.607431471,NEU,0.781517446,NEG,0.71286726
909,NEU,0.731751144,1468035748,POS,0.927067578,NEU,0.713542819,POS,0.556130409,NEU,0.803252459
910,POS,0.567781329,1468035840,POS,0.980807245,NEU,0.749766707,NEU,0.649850845,NEU,0.54615742
911,NEG,0.981813788,1468035969,NEG,0.968179345,NEG,0.977627516,NEG,0.976751804,NEG,0.9826262
912,NEU,0.689049065,1468036076,POS,0.551147997,NEU,0.582180738,NEU,0.669777513,NEG,0.728851855
913,NEG,0.984256566,1468036478,NEG,0.975178123,NEG,0.970825493,NEG,0.965681851,NEG,0.978476107
914,NEG,0.820937991,1468036579,POS,0.857498705,NEU,0.715526819,NEU,0.802543759,NEG,0.583007216
915,NEG,0.938157022,1468036634,NEG,0.862049699,NEG,0.933687508,NEG,0.898615181,NEG,0.972207189
916,POS,0.974034846,1468036770,POS,0.987767577,POS,0.894906461,POS,0.964911878,POS,0.649188459
917,NEG,0.846050441,1468036890,NEU,0.827328682,NEU,0.525465965,NEU,0.709056497,NEG,0.699518383
918,NEG,0.967976272,1468037361,NEU,0.772769392,NEG,0.774200797,NEG,0.700758696,NEG,0.964261353
919,NEU,0.870410383,1468037612,POS,0.946367145,NEU,0.737816155,POS,0.594829559,NEU,0.807850361
920,NEU,0.680773973,1468037671,NEU,0.893585682,NEU,0.767743587,NEU,0.865998447,NEU,0.593788147
921,NEU,0.860880196,1468037803,NEU,0.596060038,NEU,0.836964905,NEU,0.707271099,NEU,0.779715359
922,NEG,0.969012082,1468037939,NEG,0.667490602,NEG,0.94055599,NEG,0.868485808,NEG,0.961573303
923,POS,0.96982187,1468037989,POS,0.988361299,POS,0.876717925,POS,0.968117654,POS,0.760474324
924,NEG,0.957202077,1468038045,NEU,0.704792857,NEG,0.629342854,NEU,0.579110146,NEG,0.755716681
925,NEG,0.811814785,1468038099,NEU,0.860286653,NEG,0.691416562,NEU,0.499205828,NEG,0.867241442
926,POS,0.826303482,1468038289,POS,0.979219377,NEU,0.590483546,POS,0.76122427,NEU,0.469838798
927,NEG,0.749586284,1468038583,NEU,0.664804578,NEG,0.962893546,NEG,0.934290946,NEG,0.974161029
928,NEG,0.977694511,1468038893,NEU,0.561570406,NEG,0.792388201,NEG,0.761179864,NEG,0.906374574
929,NEG,0.733402371,1468039375,NEG,0.5415681,NEG,0.944820881,NEG,0.94374609,NEG,0.971056223
930,NEG,0.636226356,1468039428,POS,0.981255352,NEU,0.83386749,NEU,0.725694478,NEU,0.7318753
931,NEG,0.983091772,1468039579,NEG,0.929967165,NEG,0.952572763,NEG,0.943124831,NEG,0.96621424
932,NEG,0.88317126,1468039686,POS,0.746078551,NEU,0.70764029,NEU,0.568224132,NEU,0.534120977
933,NEG,0.964566469,1468039856,NEG,0.395249039,NEG,0.966772735,NEG,0.940742135,NEG,0.977760613
934,NEG,0.982967496,1468039895,NEG,0.971249461,NEG,0.976544857,NEG,0.976870298,NEG,0.98315537
935,NEU,0.688289285,1468040012,POS,0.846513033,NEG,0.596247315,NEG,0.644890845,NEG,0.936703503
936,NEG,0.578851998,1468040050,POS,0.968918681,NEU,0.835845292,NEU,0.783018887,NEU,0.716310024
937,NEG,0.984717786,1468041919,NEG,0.963900924,NEG,0.978465497,NEG,0.974396288,NEG,0.982071698
938,NEG,0.921325386,1468042132,NEU,0.806370378,NEU,0.561919808,NEU,0.675526679,NEG,0.83529526
939,NEG,0.904176354,1468042240,NEG,0.639861286,NEG,0.886385798,NEG,0.841577828,NEG,0.957206547
940,POS,0.990604937,1468042457,POS,0.992420018,POS,0.979995787,POS,0.985458493,POS,0.937502444
941,NEG,0.783814907,1468042464,POS,0.606248975,NEU,0.788379788,NEU,0.812737465,NEU,0.560772896
942,NEG,0.76333791,1468042752,POS,0.974832952,NEG,0.514852703,NEU,0.763034701,NEG,0.756821036
943,NEG,0.970178902,1468043104,POS,0.569189906,NEG,0.644924998,NEU,0.475616336,NEG,0.833987534
944,POS,0.894574285,1468043300,POS,0.989931107,POS,0.761842966,POS,0.805228293,NEU,0.495754898
945,NEG,0.983384132,1468043306,NEG,0.98145777,NEG,0.980122983,NEG,0.98056829,NEG,0.984039843
946,NEG,0.977961898,1468043598,NEG,0.91761148,NEG,0.882909536,NEG,0.870253026,NEG,0.937832117
947,POS,0.501396477,1468043785,POS,0.981981933,POS,0.546225488,POS,0.874442756,NEU,0.628927171
948,NEG,0.924167991,1468043967,NEU,0.836321056,NEG,0.805141151,NEG,0.580826938,NEG,0.952364564
949,NEG,0.978702486,1468043970,NEG,0.973799765,NEG,0.975620329,NEG,0.974704027,NEG,0.982426763
950,NEU,0.624587715,1468044622,POS,0.428734452,NEG,0.610909998,NEU,0.474410385,NEG,0.927742541
951,NEG,0.982927859,1468044821,NEG,0.831801891,NEG,0.943326056,NEG,0.911540687,NEG,0.971649289
952,NEG,0.588165104,1468044846,NEU,0.562430859,NEU,0.528116822,NEU,0.598455071,NEG,0.851443589
953,NEG,0.544515371,1468045043,POS,0.958838999,NEU,0.615463912,NEU,0.591499329,NEG,0.869590223
954,NEU,0.813999951,1468045201,POS,0.738681376,NEU,0.69522959,NEU,0.820000112,NEG,0.728962183
955,NEG,0.984222472,1468045539,NEG,0.982745647,NEG,0.977577567,NEG,0.974303365,NEG,0.981951594
956,NEG,0.964489281,1468045613,NEG,0.852177083,NEG,0.890603244,NEG,0.841912031,NEG,0.917637885
957,NEG,0.793841243,1468045819,POS,0.544962466,NEG,0.523277044,NEU,0.516574144,NEG,0.88574487
958,NEG,0.715581954,1468046392,POS,0.991374314,POS,0.516824543,POS,0.933503509,NEG,0.841231406
959,NEU,0.958562434,1468046904,POS,0.867854178,NEU,0.763552785,POS,0.621186078,NEU,0.584999204
960,NEG,0.787009001,1468047066,POS,0.885985374,NEU,0.756011009,NEU,0.83070904,NEG,0.615683734
961,NEU,0.94157207,1468048178,NEU,0.545185745,NEU,0.824859381,NEU,0.801537514,NEG,0.643650234
962,NEG,0.762479126,1468048746,NEU,0.792453885,NEU,0.67886579,NEU,0.669423461,NEG,0.654147863
963,NEG,0.968758762,1468049681,NEU,0.687447906,NEG,0.634584069,NEU,0.540214002,NEG,0.693580151
964,NEG,0.980496347,1468049696,NEG,0.937977672,NEG,0.962158442,NEG,0.946803391,NEG,0.978637516
965,NEG,0.767862141,1468049719,POS,0.475186497,NEG,0.469090849,NEU,0.471806973,NEG,0.538990736
966,NEU,0.500909567,1468050051,NEU,0.928161621,NEU,0.841429412,NEU,0.902632892,NEU,0.732339561
967,NEG,0.98333019,1468050631,NEG,0.979008973,NEG,0.977143168,NEG,0.975797117,NEG,0.980322719
968,NEU,0.940050244,1468050664,POS,0.902530551,NEU,0.820990622,NEU,0.750033379,NEU,0.56346947
969,POS,0.940011084,1468050670,POS,0.967904627,POS,0.473110676,POS,0.815347731,NEG,0.64259845
970,NEU,0.864569008,1468051061,POS,0.836938918,NEU,0.778322279,NEU,0.585517704,NEU,0.760161757
971,NEU,0.931730092,1468051150,NEU,0.597785711,NEU,0.881508231,NEU,0.880357206,NEU,0.645327628
972,NEG,0.944992185,1468051256,NEG,0.772204518,NEG,0.756530464,NEG,0.776768804,NEG,0.965224743
973,NEG,0.803583205,1468051421,NEU,0.699520171,NEU,0.767234623,NEU,0.80448246,NEU,0.650692165
974,NEG,0.979545236,1468051743,NEG,0.884907603,NEG,0.939847708,NEG,0.909840167,NEG,0.971723616
975,NEU,0.922354937,1468051770,POS,0.968169391,NEU,0.796563387,NEU,0.556960642,NEU,0.824874818
976,NEG,0.6827932,1468051911,NEU,0.52882421,NEG,0.87245059,NEG,0.807959199,NEG,0.959326923
977,POS,0.443623871,1468051981,POS,0.988906026,POS,0.50593394,POS,0.889661074,NEG,0.594055653
978,NEG,0.853479445,1468052063,NEU,0.793215096,NEU,0.717477739,NEU,0.822421074,NEU,0.600171268
979,NEG,0.984195113,1468052239,NEG,0.933151364,NEG,0.90445447,NEG,0.760573149,NEG,0.945156276
980,NEG,0.981300712,1468052359,NEG,0.983250558,NEG,0.98269707,NEG,0.983000755,NEG,0.984303653
981,NEU,0.860408425,1468052470,POS,0.763622999,NEU,0.687540889,POS,0.555239618,NEU,0.683982849
982,NEG,0.974032104,1468052484,NEU,0.631438315,NEG,0.918924689,NEG,0.912409782,NEG,0.967158556
983,NEG,0.772032678,1468052499,POS,0.947046161,NEU,0.847994864,NEU,0.783671498,NEU,0.666556001
984,NEG,0.985176325,1468052623,NEG,0.985317647,NEG,0.98527354,NEG,0.985248625,NEG,0.985676408
985,NEG,0.977106512,1468052908,NEG,0.902126193,NEG,0.789435387,NEG,0.682556748,NEG,0.884512901
986,NEG,0.984288335,1468053118,NEG,0.985057652,NEG,0.985234559,NEG,0.985153675,NEG,0.985021532
987,POS,0.746644616,1468053198,POS,0.985991538,NEU,0.552576244,POS,0.576529622,NEG,0.723555446
988,NEG,0.710360944,1468053610,NEG,0.717713654,NEG,0.940827727,NEG,0.917340398,NEG,0.973091245
989,NEU,0.971875131,1468053611,POS,0.700772107,NEU,0.900485933,NEU,0.847107708,NEU,0.703123927
990,NEU,0.650475979,1468053804,POS,0.971746683,NEU,0.789805353,NEU,0.725992501,NEU,0.565385997
991,NEU,0.760875523,1468053869,NEU,0.809590697,NEU,0.626313686,NEU,0.687003016,NEG,0.673722267
992,NEU,0.942459941,1468054357,NEU,0.90317744,NEG,0.702042639,NEG,0.739324331,NEG,0.959362388
993,NEG,0.970900655,1468054887,NEG,0.952822566,NEG,0.975065351,NEG,0.972908735,NEG,0.981077015
994,POS,0.910798788,1468055249,POS,0.990684152,POS,0.667152941,POS,0.847777903,NEU,0.570317447
995,NEU,0.603873789,1468055262,POS,0.965676427,NEU,0.677999675,NEU,0.552179277,NEU,0.608617902
996,POS,0.992393136,1468055266,POS,0.992784023,POS,0.992532194,POS,0.992759824,POS,0.992368519
997,POS,0.989025891,1468055472,POS,0.992160976,POS,0.989002585,POS,0.990067363,POS,0.976481199
998,NEG,0.928985,1468055604,NEU,0.768675089,NEG,0.764470041,NEG,0.702158689,NEG,0.949466527
999,NEG,0.979619384,1468055791,NEU,0.587528408,NEG,0.692505598,NEU,0.510946512,NEG,0.819949746
